"year","month","day","latitude","longitude","scientific_name","common_name","iconic_taxon_name","taxon_class_name","taxon_order_name","Invasive"
2009,6,25,44.90028345,-64.51700371,"Micropterus dolomieu","Smallmouth Bass","Actinopterygii","Actinopterygii","Centrarchiformes","Smallmouth Bass"
2009,6,27,44.773212,-63.606901,"Esox niger","Chain Pickerel","Actinopterygii","Actinopterygii","Esociformes","Chain Pickerel"
2010,6,21,44.90357989,-64.52312049,"Micropterus dolomieu","Smallmouth Bass","Actinopterygii","Actinopterygii","Centrarchiformes","Smallmouth Bass"
2012,8,12,44.27666995,-64.57592205,"Micropterus dolomieu","Smallmouth Bass","Actinopterygii","Actinopterygii","Centrarchiformes","Smallmouth Bass"
2012,8,12,44.27746207,-64.57670525,"Micropterus dolomieu","Smallmouth Bass","Actinopterygii","Actinopterygii","Centrarchiformes","Smallmouth Bass"
2013,7,17,44.90290689,-64.52783522,"Micropterus dolomieu","Smallmouth Bass","Actinopterygii","Actinopterygii","Centrarchiformes","Smallmouth Bass"
2013,9,10,44.4107933,-64.32186127,"Ciona intestinalis","Sea Vase","Animalia","Ascidiacea","Phlebobranchia","Tunicate"
2013,9,13,46.25099537,-60.29771926,"Molgula","","Animalia","Ascidiacea","Stolidobranchia","Tunicate"
2013,9,19,44.375,-64.3083,"Ascidiella aspersa","European ascidian","Animalia","Ascidiacea","Phlebobranchia","Tunicate"
2013,9,19,44.4108,-64.3217,"Ascidiella aspersa","European ascidian","Animalia","Ascidiacea","Phlebobranchia","Tunicate"
2014,5,20,46.336123,-61.092597,"Micropterus dolomieu","Smallmouth Bass","Actinopterygii","Actinopterygii","Centrarchiformes","Smallmouth Bass"
2014,6,19,46.66968733,-60.96286451,"Salpida","Salps","Animalia","Thaliacea","Salpida","Tunicate"
2014,8,2,45.98179745,-60.4310596,"Botryllus schlosseri","Star Tunicate","Animalia","Ascidiacea","Stolidobranchia","Tunicate"
2014,8,2,44.35059962,-64.32114183,"Botrylloides violaceus","Chain Tunicate","Animalia","Ascidiacea","Stolidobranchia","Tunicate"
2014,8,2,44.3504578,-64.32125216,"Botryllus schlosseri","Star Tunicate","Animalia","Ascidiacea","Stolidobranchia","Tunicate"
2014,8,8,45.9818,-60.4314,"Botryllus schlosseri","Star Tunicate","Animalia","Ascidiacea","Stolidobranchia","Tunicate"
2014,8,9,46.1908,-60.2686,"Ciona intestinalis","Sea Vase","Animalia","Ascidiacea","Phlebobranchia","Tunicate"
2014,8,9,45.6137,-61.3654,"Botrylloides violaceus","Chain Tunicate","Animalia","Ascidiacea","Stolidobranchia","Tunicate"
2014,9,26,46.25177983,-60.30221126,"Botryllus schlosseri","Star Tunicate","Animalia","Ascidiacea","Stolidobranchia","Tunicate"
2014,9,26,46.25186025,-60.30233942,"Ciona intestinalis","Sea Vase","Animalia","Ascidiacea","Phlebobranchia","Tunicate"
2014,9,27,45.66096223,-60.8763853,"Botryllus schlosseri","Star Tunicate","Animalia","Ascidiacea","Stolidobranchia","Tunicate"
2014,9,30,45.98171661,-60.43101525,"Botryllus schlosseri","Star Tunicate","Animalia","Ascidiacea","Stolidobranchia","Tunicate"
2014,9,30,45.981796,-60.431061,"Botryllus schlosseri","Star Tunicate","Animalia","Ascidiacea","Stolidobranchia","Tunicate"
2015,7,31,44.71050944,-64.71745556,"Micropterus dolomieu","Smallmouth Bass","Actinopterygii","Actinopterygii","Centrarchiformes","Smallmouth Bass"
2015,10,4,46.099294,-60.748206,"Molgula manhattensis","Northern Sea Squirt","Animalia","Ascidiacea","Stolidobranchia","Tunicate"
2015,10,4,46.28112601,-60.42449244,"Botrylloides violaceus","Chain Tunicate","Animalia","Ascidiacea","Stolidobranchia","Tunicate"
2015,10,4,46.25180938,-60.30216504,"Botryllus schlosseri","Star Tunicate","Animalia","Ascidiacea","Stolidobranchia","Tunicate"
2015,10,5,45.70018,-61.09173,"Botryllus schlosseri","Star Tunicate","Animalia","Ascidiacea","Stolidobranchia","Tunicate"
2015,10,6,46.68935,-60.35959,"Botrylloides violaceus","Chain Tunicate","Animalia","Ascidiacea","Stolidobranchia","Tunicate"
2015,10,7,45.91783,-59.97138,"Ciona intestinalis","Sea Vase","Animalia","Ascidiacea","Phlebobranchia","Tunicate"
2015,10,7,45.91783,-59.97138,"Ciona intestinalis","Sea Vase","Animalia","Ascidiacea","Phlebobranchia","Tunicate"
2015,10,8,46.0273,-61.54474,"Botryllus schlosseri","Star Tunicate","Animalia","Ascidiacea","Stolidobranchia","Tunicate"
2015,10,8,46.0273,-61.54474,"Botrylloides violaceus","Chain Tunicate","Animalia","Ascidiacea","Stolidobranchia","Tunicate"
2015,10,9,45.61432,-61.36533,"Ciona intestinalis","Sea Vase","Animalia","Ascidiacea","Phlebobranchia","Tunicate"
2015,10,9,45.61432,-61.36533,"Botrylloides violaceus","Chain Tunicate","Animalia","Ascidiacea","Stolidobranchia","Tunicate"
2015,10,9,45.61432,-61.36533,"Botrylloides violaceus","Chain Tunicate","Animalia","Ascidiacea","Stolidobranchia","Tunicate"
2016,8,10,46.07500104,-60.29159546,"Esox niger","Chain Pickerel","Actinopterygii","Actinopterygii","Esociformes","Chain Pickerel"
2016,9,17,44.40110194,-64.54708095,"Micropterus dolomieu","Smallmouth Bass","Actinopterygii","Actinopterygii","Centrarchiformes","Smallmouth Bass"
2016,10,13,43.52981111,-65.43878889,"Tunicata","Tunicates","Animalia","","","Tunicate"
2016,10,13,43.52979722,-65.43886667,"Tunicata","Tunicates","Animalia","","","Tunicate"
2016,10,19,44.71244876,-63.67113523,"Botryllus schlosseri","Star Tunicate","Animalia","Ascidiacea","Stolidobranchia","Tunicate"
2016,10,27,43.67295556,-65.77452222,"Botrylloides violaceus","Chain Tunicate","Animalia","Ascidiacea","Stolidobranchia","Tunicate"
2016,11,7,44.45819722,-63.72370278,"Ascidiacea","Sea Squirts","Animalia","Ascidiacea","","Tunicate"
2017,3,2,44.61982167,-63.57164667,"Ciona intestinalis","Sea Vase","Animalia","Ascidiacea","Phlebobranchia","Tunicate"
2017,4,15,45.09158294,-63.38926689,"Esox niger","Chain Pickerel","Actinopterygii","Actinopterygii","Esociformes","Chain Pickerel"
2017,5,3,44.24489183,-66.04297142,"Esox niger","Chain Pickerel","Actinopterygii","Actinopterygii","Esociformes","Chain Pickerel"
2017,5,20,44.98980421,-64.53498121,"Esox niger","Chain Pickerel","Actinopterygii","Actinopterygii","Esociformes","Chain Pickerel"
2017,5,20,44.98982232,-64.53494987,"Micropterus dolomieu","Smallmouth Bass","Actinopterygii","Actinopterygii","Centrarchiformes","Smallmouth Bass"
2017,7,23,44.49785336,-63.52292589,"Boltenia ovifera","Stalked tunicate","Animalia","Ascidiacea","Stolidobranchia","Tunicate"
2017,7,24,44.12641383,-65.23095435,"Esox niger","Chain Pickerel","Actinopterygii","Actinopterygii","Esociformes","Chain Pickerel"
2017,7,28,44.66544964,-65.49649914,"Micropterus dolomieu","Smallmouth Bass","Actinopterygii","Actinopterygii","Centrarchiformes","Smallmouth Bass"
2017,7,29,44.93655423,-64.5104758,"Esox niger","Chain Pickerel","Actinopterygii","Actinopterygii","Esociformes","Chain Pickerel"
2017,7,29,44.49758782,-63.52529283,"Botryllus schlosseri","Star Tunicate","Animalia","Ascidiacea","Stolidobranchia","Tunicate"
2017,8,2,44.52661158,-63.94995146,"Styelidae","","Animalia","Ascidiacea","Stolidobranchia","Tunicate"
2017,8,2,44.52645673,-63.9496535,"Ascidiacea","Sea Squirts","Animalia","Ascidiacea","","Tunicate"
2017,8,2,44.52682599,-63.94967721,"Molgula","","Animalia","Ascidiacea","Stolidobranchia","Tunicate"
2017,8,27,44.50027833,-63.9225,"Botryllus schlosseri","Star Tunicate","Animalia","Ascidiacea","Stolidobranchia","Tunicate"
2017,8,27,44.50027833,-63.9225,"Botrylloides violaceus","Chain Tunicate","Animalia","Ascidiacea","Stolidobranchia","Tunicate"
2017,8,27,44.50027833,-63.9225,"Botryllus schlosseri","Star Tunicate","Animalia","Ascidiacea","Stolidobranchia","Tunicate"
2017,8,27,44.25860197,-66.33666703,"Diplosoma listerianum","Jelly Crust Tunicate","Animalia","Ascidiacea","Aplousobranchia","Tunicate"
2017,8,27,44.25860197,-66.33666703,"Aplidium glabrum","","Animalia","Ascidiacea","Aplousobranchia","Tunicate"
2017,8,27,44.25860197,-66.33666703,"Didemnum albidum","Northern White Crust","Animalia","Ascidiacea","Aplousobranchia","Tunicate"
2017,8,28,44.23368601,-66.38940504,"Aplidium glabrum","","Animalia","Ascidiacea","Aplousobranchia","Tunicate"
2017,8,28,44.23368601,-66.38940504,"Aplidium glabrum","","Animalia","Ascidiacea","Aplousobranchia","Tunicate"
2017,8,28,44.23368601,-66.38940504,"Diplosoma listerianum","Jelly Crust Tunicate","Animalia","Ascidiacea","Aplousobranchia","Tunicate"
2017,8,28,44.23368601,-66.38940504,"Diplosoma listerianum","Jelly Crust Tunicate","Animalia","Ascidiacea","Aplousobranchia","Tunicate"
2017,8,28,44.23368601,-66.38940504,"Diplosoma listerianum","Jelly Crust Tunicate","Animalia","Ascidiacea","Aplousobranchia","Tunicate"
2017,8,30,44.20948201,-66.38553796,"Boltenia echinata","cactus sea squirt","Animalia","Ascidiacea","Stolidobranchia","Tunicate"
2017,8,30,44.20948201,-66.38553796,"Diplosoma listerianum","Jelly Crust Tunicate","Animalia","Ascidiacea","Aplousobranchia","Tunicate"
2017,9,15,44.62433833,-63.56417833,"Tunicata","Tunicates","Animalia","","","Tunicate"
2017,9,17,44.6866684,-63.68055725,"Micropterus dolomieu","Smallmouth Bass","Actinopterygii","Actinopterygii","Centrarchiformes","Smallmouth Bass"
2017,9,17,44.68781838,-63.68579082,"Micropterus dolomieu","Smallmouth Bass","Actinopterygii","Actinopterygii","Centrarchiformes","Smallmouth Bass"
2017,9,27,44.260836,-66.33835296,"Didemnum albidum","Northern White Crust","Animalia","Ascidiacea","Aplousobranchia","Tunicate"
2017,9,28,44.24457301,-66.35309002,"Diplosoma listerianum","Jelly Crust Tunicate","Animalia","Ascidiacea","Aplousobranchia","Tunicate"
2017,9,28,44.24457301,-66.35309002,"Aplidium glabrum","","Animalia","Ascidiacea","Aplousobranchia","Tunicate"
2017,9,28,44.24457301,-66.35309002,"Boltenia echinata","cactus sea squirt","Animalia","Ascidiacea","Stolidobranchia","Tunicate"
2017,9,28,44.24457301,-66.35309002,"Aplidium","Sea Pork","Animalia","Ascidiacea","Aplousobranchia","Tunicate"
2017,9,28,44.24457301,-66.35309002,"Boltenia echinata","cactus sea squirt","Animalia","Ascidiacea","Stolidobranchia","Tunicate"
2017,9,28,44.24997096,-66.34644703,"Aplidium","Sea Pork","Animalia","Ascidiacea","Aplousobranchia","Tunicate"
2017,9,30,44.45999908,-64.95388794,"Micropterus dolomieu","Smallmouth Bass","Actinopterygii","Actinopterygii","Centrarchiformes","Smallmouth Bass"
2017,10,16,44.67565713,-63.6141424,"Ciona intestinalis","Sea Vase","Animalia","Ascidiacea","Phlebobranchia","Tunicate"
2017,11,18,44.647755,-63.56997,"Ciona intestinalis","Sea Vase","Animalia","Ascidiacea","Phlebobranchia","Tunicate"
2018,3,29,44.64406946,-63.37492776,"Boltenia ovifera","Stalked tunicate","Animalia","Ascidiacea","Stolidobranchia","Tunicate"
2018,5,18,44.8646943,-63.6240445,"Micropterus dolomieu","Smallmouth Bass","Actinopterygii","Actinopterygii","Centrarchiformes","Smallmouth Bass"
2018,5,18,44.86473749,-63.62403377,"Micropterus dolomieu","Smallmouth Bass","Actinopterygii","Actinopterygii","Centrarchiformes","Smallmouth Bass"
2018,5,18,44.86474285,-63.62401767,"Micropterus dolomieu","Smallmouth Bass","Actinopterygii","Actinopterygii","Centrarchiformes","Smallmouth Bass"
2018,5,28,44.77184652,-63.60832125,"Micropterus dolomieu","Smallmouth Bass","Actinopterygii","Actinopterygii","Centrarchiformes","Smallmouth Bass"
2018,6,4,44.65004311,-63.5716362,"Botrylloides violaceus","Chain Tunicate","Animalia","Ascidiacea","Stolidobranchia","Tunicate"
2018,6,8,44.63743833,-63.60493333,"Ascidiacea","Sea Squirts","Animalia","Ascidiacea","","Tunicate"
2018,6,17,45.09048642,-63.3908955,"Esox niger","Chain Pickerel","Actinopterygii","Actinopterygii","Esociformes","Chain Pickerel"
2018,6,28,45.24060833,-63.33883333,"Esox niger","Chain Pickerel","Actinopterygii","Actinopterygii","Esociformes","Chain Pickerel"
2018,7,15,44.37566757,-64.31044769,"Botrylloides violaceus","Chain Tunicate","Animalia","Ascidiacea","Stolidobranchia","Tunicate"
2018,7,15,44.37626648,-64.30995178,"Botrylloides violaceus","Chain Tunicate","Animalia","Ascidiacea","Stolidobranchia","Tunicate"
2018,7,15,44.37562561,-64.31039429,"Ciona intestinalis","Sea Vase","Animalia","Ascidiacea","Phlebobranchia","Tunicate"
2018,7,15,44.37562943,-64.31044006,"Ciona intestinalis","Sea Vase","Animalia","Ascidiacea","Phlebobranchia","Tunicate"
2018,7,15,44.41375673,-64.77903832,"Micropterus dolomieu","Smallmouth Bass","Actinopterygii","Actinopterygii","Centrarchiformes","Smallmouth Bass"
2018,7,16,44.6432991,-63.56800461,"Botrylloides violaceus","Chain Tunicate","Animalia","Ascidiacea","Stolidobranchia","Tunicate"
2018,7,25,43.90823333,-65.91272833,"Esox niger","Chain Pickerel","Actinopterygii","Actinopterygii","Esociformes","Chain Pickerel"
2018,8,10,44.624225,-63.653575,"Micropterus dolomieu","Smallmouth Bass","Actinopterygii","Actinopterygii","Centrarchiformes","Smallmouth Bass"
2018,8,21,43.52987222,-65.439025,"Botryllus schlosseri","Star Tunicate","Animalia","Ascidiacea","Stolidobranchia","Tunicate"
2018,8,22,44.6373522,-65.66889408,"Salpida","Salps","Animalia","Thaliacea","Salpida","Tunicate"
2018,9,21,44.63647663,-63.59374274,"Tunicata","Tunicates","Animalia","","","Tunicate"
2018,9,21,44.63643929,-63.59368607,"Ciona intestinalis","Sea Vase","Animalia","Ascidiacea","Phlebobranchia","Tunicate"
2018,9,21,44.63647299,-63.59368583,"Ciona intestinalis","Sea Vase","Animalia","Ascidiacea","Phlebobranchia","Tunicate"
2018,9,21,44.63310546,-63.59866559,"Botryllus schlosseri","Star Tunicate","Animalia","Ascidiacea","Stolidobranchia","Tunicate"
2018,9,21,44.63648333,-63.59375,"Ciona","","Animalia","Ascidiacea","Phlebobranchia","Tunicate"
2018,9,21,44.6332972,-63.59921481,"Tunicata","Tunicates","Animalia","","","Tunicate"
2018,9,21,44.6364814,-63.59361401,"Ciona intestinalis","Sea Vase","Animalia","Ascidiacea","Phlebobranchia","Tunicate"
2018,9,21,44.6364077,-63.5938924,"Botryllus schlosseri","Star Tunicate","Animalia","Ascidiacea","Stolidobranchia","Tunicate"
2018,9,21,44.636427,-63.5938814,"Ciona intestinalis","Sea Vase","Animalia","Ascidiacea","Phlebobranchia","Tunicate"
2018,9,21,44.6330999,-63.59861415,"Ciona intestinalis","Sea Vase","Animalia","Ascidiacea","Phlebobranchia","Tunicate"
2018,9,21,44.63323954,-63.59875157,"Ciona intestinalis","Sea Vase","Animalia","Ascidiacea","Phlebobranchia","Tunicate"
2018,9,21,44.63642833,-63.59371667,"Ciona intestinalis","Sea Vase","Animalia","Ascidiacea","Phlebobranchia","Tunicate"
2018,9,22,44.80424639,-63.60952295,"Esox niger","Chain Pickerel","Actinopterygii","Actinopterygii","Esociformes","Chain Pickerel"
2018,9,22,44.95720242,-64.64992442,"Esox niger","Chain Pickerel","Actinopterygii","Actinopterygii","Esociformes","Chain Pickerel"
2018,9,30,44.32360712,-65.19213481,"Esox niger","Chain Pickerel","Actinopterygii","Actinopterygii","Esociformes","Chain Pickerel"
2018,10,4,45.21698539,-64.36988756,"Tunicata","Tunicates","Animalia","","","Tunicate"
2018,10,10,44.63305641,-63.5987658,"Ciona intestinalis","Sea Vase","Animalia","Ascidiacea","Phlebobranchia","Tunicate"
2018,11,1,45.45412277,-61.57289186,"Ascidiacea","Sea Squirts","Animalia","Ascidiacea","","Tunicate"
2018,11,2,45.45387512,-61.56987133,"Ciona","","Animalia","Ascidiacea","Phlebobranchia","Tunicate"
2019,2,22,44.6505335,-63.6061721,"Micropterus dolomieu","Smallmouth Bass","Actinopterygii","Actinopterygii","Centrarchiformes","Smallmouth Bass"
2019,4,25,44.5971935,-64.06113245,"Botrylloides","","Animalia","Ascidiacea","Stolidobranchia","Tunicate"
2019,4,28,45.02271953,-64.40009795,"Esox niger","Chain Pickerel","Actinopterygii","Actinopterygii","Esociformes","Chain Pickerel"
2019,4,28,45.02274418,-64.40003559,"Esox niger","Chain Pickerel","Actinopterygii","Actinopterygii","Esociformes","Chain Pickerel"
2019,4,28,44.63316333,-63.598955,"Ciona intestinalis","Sea Vase","Animalia","Ascidiacea","Phlebobranchia","Tunicate"
2019,4,28,44.63316333,-63.598955,"Ciona intestinalis","Sea Vase","Animalia","Ascidiacea","Phlebobranchia","Tunicate"
2019,4,28,44.63316333,-63.598955,"Boltenia echinata","cactus sea squirt","Animalia","Ascidiacea","Stolidobranchia","Tunicate"
2019,4,29,44.64420437,-63.37569486,"Boltenia ovifera","Stalked tunicate","Animalia","Ascidiacea","Stolidobranchia","Tunicate"
2019,4,29,44.6443268,-63.374348,"Boltenia ovifera","Stalked tunicate","Animalia","Ascidiacea","Stolidobranchia","Tunicate"
2019,5,8,43.92729607,-65.93212746,"Micropterus dolomieu","Smallmouth Bass","Actinopterygii","Actinopterygii","Centrarchiformes","Smallmouth Bass"
2019,5,9,44.96793842,-64.65625,"Esox niger","Chain Pickerel","Actinopterygii","Actinopterygii","Esociformes","Chain Pickerel"
2019,5,10,43.91826841,-66.00017678,"Esox niger","Chain Pickerel","Actinopterygii","Actinopterygii","Esociformes","Chain Pickerel"
2019,5,12,44.46251547,-63.70759574,"Tunicata","Tunicates","Animalia","","","Tunicate"
2019,5,19,44.35115786,-65.85613822,"Micropterus dolomieu","Smallmouth Bass","Actinopterygii","Actinopterygii","Centrarchiformes","Smallmouth Bass"
2019,5,20,44.4772377,-64.63455963,"Esox niger","Chain Pickerel","Actinopterygii","Actinopterygii","Esociformes","Chain Pickerel"
2019,5,24,43.88613391,-66.00667879,"Micropterus dolomieu","Smallmouth Bass","Actinopterygii","Actinopterygii","Centrarchiformes","Smallmouth Bass"
2019,5,27,44.68980833,-63.54589667,"Esox niger","Chain Pickerel","Actinopterygii","Actinopterygii","Esociformes","Chain Pickerel"
2019,6,7,43.89535369,-65.99388968,"Micropterus dolomieu","Smallmouth Bass","Actinopterygii","Actinopterygii","Centrarchiformes","Smallmouth Bass"
2019,6,8,43.88746243,-66.00867201,"Micropterus dolomieu","Smallmouth Bass","Actinopterygii","Actinopterygii","Centrarchiformes","Smallmouth Bass"
2019,6,20,44.76870505,-63.58389009,"Micropterus dolomieu","Smallmouth Bass","Actinopterygii","Actinopterygii","Centrarchiformes","Smallmouth Bass"
2019,7,6,44.4575,-63.72333333,"Botrylloides violaceus","Chain Tunicate","Animalia","Ascidiacea","Stolidobranchia","Tunicate"
2019,7,6,44.24814026,-65.93809327,"Micropterus dolomieu","Smallmouth Bass","Actinopterygii","Actinopterygii","Centrarchiformes","Smallmouth Bass"
2019,7,6,44.48006144,-64.63440802,"Micropterus dolomieu","Smallmouth Bass","Actinopterygii","Actinopterygii","Centrarchiformes","Smallmouth Bass"
2019,7,15,44.93449695,-64.51682914,"Micropterus dolomieu","Smallmouth Bass","Actinopterygii","Actinopterygii","Centrarchiformes","Smallmouth Bass"
2019,7,19,44.55567858,-64.74083941,"Micropterus dolomieu","Smallmouth Bass","Actinopterygii","Actinopterygii","Centrarchiformes","Smallmouth Bass"
2019,7,22,45.08973333,-63.390575,"Esox niger","Chain Pickerel","Actinopterygii","Actinopterygii","Esociformes","Chain Pickerel"
2019,7,25,44.7105087,-64.71735077,"Micropterus dolomieu","Smallmouth Bass","Actinopterygii","Actinopterygii","Centrarchiformes","Smallmouth Bass"
2019,7,28,44.46259072,-63.70763277,"Ascidiacea","Sea Squirts","Animalia","Ascidiacea","","Tunicate"
2019,7,31,45.99382782,-64.00546265,"Botrylloides violaceus","Chain Tunicate","Animalia","Ascidiacea","Stolidobranchia","Tunicate"
2019,8,3,44.97572705,-64.63989201,"Esox niger","Chain Pickerel","Actinopterygii","Actinopterygii","Esociformes","Chain Pickerel"
2019,8,3,44.94985671,-64.66484116,"Micropterus dolomieu","Smallmouth Bass","Actinopterygii","Actinopterygii","Centrarchiformes","Smallmouth Bass"
2019,8,3,44.97928824,-64.63551762,"Micropterus dolomieu","Smallmouth Bass","Actinopterygii","Actinopterygii","Centrarchiformes","Smallmouth Bass"
2019,8,6,44.70239521,-63.55543404,"Esox niger","Chain Pickerel","Actinopterygii","Actinopterygii","Esociformes","Chain Pickerel"
2019,8,6,44.6396312,-63.9296458,"Botryllus schlosseri","Star Tunicate","Animalia","Ascidiacea","Stolidobranchia","Tunicate"
2019,8,7,44.54597694,-64.60394852,"Esox niger","Chain Pickerel","Actinopterygii","Actinopterygii","Esociformes","Chain Pickerel"
2019,8,10,44.77934265,-63.62614822,"Micropterus dolomieu","Smallmouth Bass","Actinopterygii","Actinopterygii","Centrarchiformes","Smallmouth Bass"
2019,8,12,44.96423833,-64.64171488,"Esox niger","Chain Pickerel","Actinopterygii","Actinopterygii","Esociformes","Chain Pickerel"
2019,8,12,44.96064023,-64.62998069,"Esox niger","Chain Pickerel","Actinopterygii","Actinopterygii","Esociformes","Chain Pickerel"
2019,8,12,44.96642191,-64.63257091,"Micropterus dolomieu","Smallmouth Bass","Actinopterygii","Actinopterygii","Centrarchiformes","Smallmouth Bass"
2019,8,12,44.9729903,-64.62645367,"Micropterus dolomieu","Smallmouth Bass","Actinopterygii","Actinopterygii","Centrarchiformes","Smallmouth Bass"
2019,8,24,43.724545,-65.40274667,"Micropterus dolomieu","Smallmouth Bass","Actinopterygii","Actinopterygii","Centrarchiformes","Smallmouth Bass"
2019,8,30,44.179255,-65.94142833,"Esox niger","Chain Pickerel","Actinopterygii","Actinopterygii","Esociformes","Chain Pickerel"
2019,8,30,44.6925192,-65.78623248,"Salpida","Salps","Animalia","Thaliacea","Salpida","Tunicate"
2019,8,31,44.59855119,-64.64998193,"Esox niger","Chain Pickerel","Actinopterygii","Actinopterygii","Esociformes","Chain Pickerel"
2019,9,2,45.10151383,-64.470055,"Micropterus dolomieu","Smallmouth Bass","Actinopterygii","Actinopterygii","Centrarchiformes","Smallmouth Bass"
2019,9,3,44.46868553,-63.71337958,"Ciona intestinalis","Sea Vase","Animalia","Ascidiacea","Phlebobranchia","Tunicate"
2019,9,15,45.082775,-64.32183,"Micropterus dolomieu","Smallmouth Bass","Actinopterygii","Actinopterygii","Centrarchiformes","Smallmouth Bass"
2019,9,20,44.63306352,-63.59870045,"Ascidiidae","","Animalia","Ascidiacea","Phlebobranchia","Tunicate"
2019,9,20,44.6329872,-63.59879616,"Ciona intestinalis","Sea Vase","Animalia","Ascidiacea","Phlebobranchia","Tunicate"
2019,9,20,44.63280693,-63.59873403,"Ciona intestinalis","Sea Vase","Animalia","Ascidiacea","Phlebobranchia","Tunicate"
2019,9,20,44.63308832,-63.5986949,"Ciona intestinalis","Sea Vase","Animalia","Ascidiacea","Phlebobranchia","Tunicate"
2019,9,20,44.63306382,-63.59856343,"Tunicata","Tunicates","Animalia","","","Tunicate"
2019,9,20,44.63301948,-63.59865222,"Ciona intestinalis","Sea Vase","Animalia","Ascidiacea","Phlebobranchia","Tunicate"
2019,9,20,44.63309869,-63.59851912,"Botryllus schlosseri","Star Tunicate","Animalia","Ascidiacea","Stolidobranchia","Tunicate"
2019,9,20,44.63299849,-63.59933048,"Ascidiacea","Sea Squirts","Animalia","Ascidiacea","","Tunicate"
2019,9,20,44.63311831,-63.59875279,"Styelidae","","Animalia","Ascidiacea","Stolidobranchia","Tunicate"
2019,9,20,44.63312565,-63.59864047,"Ciona intestinalis","Sea Vase","Animalia","Ascidiacea","Phlebobranchia","Tunicate"
2019,9,21,44.648549,-63.41431485,"Salpida","Salps","Animalia","Thaliacea","Salpida","Tunicate"
2019,9,28,44.93657099,-64.5142661,"Esox niger","Chain Pickerel","Actinopterygii","Actinopterygii","Esociformes","Chain Pickerel"
2019,9,28,44.93781969,-64.51702448,"Esox niger","Chain Pickerel","Actinopterygii","Actinopterygii","Esociformes","Chain Pickerel"
2019,9,28,44.93707695,-64.51675472,"Esox niger","Chain Pickerel","Actinopterygii","Actinopterygii","Esociformes","Chain Pickerel"
2019,10,13,44.9007866,-64.08369052,"Micropterus dolomieu","Smallmouth Bass","Actinopterygii","Actinopterygii","Centrarchiformes","Smallmouth Bass"
2019,10,13,44.90052514,-64.08397947,"Micropterus dolomieu","Smallmouth Bass","Actinopterygii","Actinopterygii","Centrarchiformes","Smallmouth Bass"
2019,10,16,44.63753828,-63.60473497,"Ciona intestinalis","Sea Vase","Animalia","Ascidiacea","Phlebobranchia","Tunicate"
2019,11,14,44.62004167,-63.57349667,"Botrylloides violaceus","Chain Tunicate","Animalia","Ascidiacea","Stolidobranchia","Tunicate"
2019,11,27,44.62035833,-63.57428333,"Ciona intestinalis","Sea Vase","Animalia","Ascidiacea","Phlebobranchia","Tunicate"
2020,2,5,44.63637972,-63.59378194,"Ciona intestinalis","Sea Vase","Animalia","Ascidiacea","Phlebobranchia","Tunicate"
2020,3,12,44.63316792,-63.59888189,"Ciona intestinalis","Sea Vase","Animalia","Ascidiacea","Phlebobranchia","Tunicate"
2020,4,25,44.6917422,-63.54469393,"Esox niger","Chain Pickerel","Actinopterygii","Actinopterygii","Esociformes","Chain Pickerel"
2020,4,26,46.333333,-60.4166671,"Ascidiacea","Sea Squirts","Animalia","Ascidiacea","","Tunicate"
2020,4,26,45.0027936,-64.80036058,"Micropterus dolomieu","Smallmouth Bass","Actinopterygii","Actinopterygii","Centrarchiformes","Smallmouth Bass"
2020,5,17,44.58828611,-64.65482778,"Micropterus dolomieu","Smallmouth Bass","Actinopterygii","Actinopterygii","Centrarchiformes","Smallmouth Bass"
2020,5,18,43.9964,-65.91576333,"Micropterus dolomieu","Smallmouth Bass","Actinopterygii","Actinopterygii","Centrarchiformes","Smallmouth Bass"
2020,5,19,44.59432778,-64.65615556,"Esox niger","Chain Pickerel","Actinopterygii","Actinopterygii","Esociformes","Chain Pickerel"
2020,5,20,45.02286694,-64.40024246,"Esox niger","Chain Pickerel","Actinopterygii","Actinopterygii","Esociformes","Chain Pickerel"
2020,5,20,45.02277428,-64.40006074,"Micropterus dolomieu","Smallmouth Bass","Actinopterygii","Actinopterygii","Centrarchiformes","Smallmouth Bass"
2020,5,20,43.996482,-65.915733,"Micropterus dolomieu","Smallmouth Bass","Actinopterygii","Actinopterygii","Centrarchiformes","Smallmouth Bass"
2020,5,22,44.46319799,-63.60976721,"Salpida","Salps","Animalia","Thaliacea","Salpida","Tunicate"
2020,5,23,44.58929937,-64.65054352,"Esox niger","Chain Pickerel","Actinopterygii","Actinopterygii","Esociformes","Chain Pickerel"
2020,5,24,44.68899925,-63.49691628,"Micropterus dolomieu","Smallmouth Bass","Actinopterygii","Actinopterygii","Centrarchiformes","Smallmouth Bass"
2020,5,24,45.01225,-64.38375,"Micropterus dolomieu","Smallmouth Bass","Actinopterygii","Actinopterygii","Centrarchiformes","Smallmouth Bass"
2020,5,27,44.67902517,-65.48701722,"Micropterus dolomieu","Smallmouth Bass","Actinopterygii","Actinopterygii","Centrarchiformes","Smallmouth Bass"
2020,5,31,44.59139444,-64.65389444,"Esox niger","Chain Pickerel","Actinopterygii","Actinopterygii","Esociformes","Chain Pickerel"
2020,5,31,44.46244143,-63.70823775,"Botrylloides","","Animalia","Ascidiacea","Stolidobranchia","Tunicate"
2020,5,31,44.58665556,-64.65003333,"Micropterus dolomieu","Smallmouth Bass","Actinopterygii","Actinopterygii","Centrarchiformes","Smallmouth Bass"
2020,6,1,44.93470143,-64.7720129,"Micropterus dolomieu","Smallmouth Bass","Actinopterygii","Actinopterygii","Centrarchiformes","Smallmouth Bass"
2020,6,9,43.99645752,-65.91601712,"Esox niger","Chain Pickerel","Actinopterygii","Actinopterygii","Esociformes","Chain Pickerel"
2020,6,13,44.52611167,-63.94777833,"Botryllus schlosseri","Star Tunicate","Animalia","Ascidiacea","Stolidobranchia","Tunicate"
2020,6,14,44.95951797,-64.86548322,"Micropterus dolomieu","Smallmouth Bass","Actinopterygii","Actinopterygii","Centrarchiformes","Smallmouth Bass"
2020,6,16,44.70256167,-63.55473,"Esox niger","Chain Pickerel","Actinopterygii","Actinopterygii","Esociformes","Chain Pickerel"
2020,6,17,44.70664597,-63.72495083,"Micropterus dolomieu","Smallmouth Bass","Actinopterygii","Actinopterygii","Centrarchiformes","Smallmouth Bass"
2020,6,19,45.05890283,-64.66833667,"Esox niger","Chain Pickerel","Actinopterygii","Actinopterygii","Esociformes","Chain Pickerel"
2020,6,21,44.69708333,-63.554025,"Micropterus dolomieu","Smallmouth Bass","Actinopterygii","Actinopterygii","Centrarchiformes","Smallmouth Bass"
2020,6,21,45.74142171,-63.5185142,"Micropterus dolomieu","Smallmouth Bass","Actinopterygii","Actinopterygii","Centrarchiformes","Smallmouth Bass"
2020,6,21,44.533333,-66.05,"Micropterus dolomieu","Smallmouth Bass","Actinopterygii","Actinopterygii","Centrarchiformes","Smallmouth Bass"
2020,6,28,44.93555556,-64.50944444,"Esox niger","Chain Pickerel","Actinopterygii","Actinopterygii","Esociformes","Chain Pickerel"
2020,6,30,44.69737,-63.55199667,"Esox niger","Chain Pickerel","Actinopterygii","Actinopterygii","Esociformes","Chain Pickerel"
2020,7,3,44.67532419,-63.55207907,"Micropterus dolomieu","Smallmouth Bass","Actinopterygii","Actinopterygii","Centrarchiformes","Smallmouth Bass"
2020,7,6,44.65063095,-63.49682715,"Esox niger","Chain Pickerel","Actinopterygii","Actinopterygii","Esociformes","Chain Pickerel"
2020,7,10,44.47860132,-63.59952436,"Ciona intestinalis","Sea Vase","Animalia","Ascidiacea","Phlebobranchia","Tunicate"
2020,7,10,44.71575187,-65.44168371,"Micropterus dolomieu","Smallmouth Bass","Actinopterygii","Actinopterygii","Centrarchiformes","Smallmouth Bass"
2020,7,15,44.34896246,-65.14312349,"Micropterus dolomieu","Smallmouth Bass","Actinopterygii","Actinopterygii","Centrarchiformes","Smallmouth Bass"
2020,7,15,44.34188389,-65.86487806,"Micropterus dolomieu","Smallmouth Bass","Actinopterygii","Actinopterygii","Centrarchiformes","Smallmouth Bass"
2020,7,18,44.35149275,-65.8499661,"Micropterus dolomieu","Smallmouth Bass","Actinopterygii","Actinopterygii","Centrarchiformes","Smallmouth Bass"
2020,7,20,44.86356454,-64.09758645,"Micropterus dolomieu","Smallmouth Bass","Actinopterygii","Actinopterygii","Centrarchiformes","Smallmouth Bass"
2020,7,22,44.69705333,-63.55393833,"Micropterus dolomieu","Smallmouth Bass","Actinopterygii","Actinopterygii","Centrarchiformes","Smallmouth Bass"
2020,7,22,44.77991764,-63.65892893,"Micropterus dolomieu","Smallmouth Bass","Actinopterygii","Actinopterygii","Centrarchiformes","Smallmouth Bass"
2020,7,24,44.69618833,-63.55996667,"Esox niger","Chain Pickerel","Actinopterygii","Actinopterygii","Esociformes","Chain Pickerel"
2020,7,25,44.35597685,-64.2327376,"Botrylloides violaceus","Chain Tunicate","Animalia","Ascidiacea","Stolidobranchia","Tunicate"
2020,7,25,44.84355333,-64.23999667,"Micropterus dolomieu","Smallmouth Bass","Actinopterygii","Actinopterygii","Centrarchiformes","Smallmouth Bass"
2020,7,26,44.50077167,-63.922525,"Ascidiacea","Sea Squirts","Animalia","Ascidiacea","","Tunicate"
2020,8,3,44.21063145,-64.43745935,"Botryllus schlosseri","Star Tunicate","Animalia","Ascidiacea","Stolidobranchia","Tunicate"
2020,8,3,45.63869167,-62.01808883,"Ciona intestinalis","Sea Vase","Animalia","Ascidiacea","Phlebobranchia","Tunicate"
2020,8,4,44.6761566,-63.5398583,"Micropterus dolomieu","Smallmouth Bass","Actinopterygii","Actinopterygii","Centrarchiformes","Smallmouth Bass"
2020,8,5,44.74428308,-63.56234337,"Esox niger","Chain Pickerel","Actinopterygii","Actinopterygii","Esociformes","Chain Pickerel"
2020,8,6,44.47794775,-64.52897801,"Micropterus dolomieu","Smallmouth Bass","Actinopterygii","Actinopterygii","Centrarchiformes","Smallmouth Bass"
2020,8,8,44.49835154,-63.91969722,"Botrylloides violaceus","Chain Tunicate","Animalia","Ascidiacea","Stolidobranchia","Tunicate"
2020,8,13,44.98493667,-64.50160333,"Micropterus dolomieu","Smallmouth Bass","Actinopterygii","Actinopterygii","Centrarchiformes","Smallmouth Bass"
2020,8,17,45.06572217,-64.59840333,"Esox niger","Chain Pickerel","Actinopterygii","Actinopterygii","Esociformes","Chain Pickerel"
2020,8,19,44.32205319,-65.18976208,"Esox niger","Chain Pickerel","Actinopterygii","Actinopterygii","Esociformes","Chain Pickerel"
2020,8,19,44.59571723,-64.05925121,"Botryllus schlosseri","Star Tunicate","Animalia","Ascidiacea","Stolidobranchia","Tunicate"
2020,8,20,44.215556,-65.241111,"Esox niger","Chain Pickerel","Actinopterygii","Actinopterygii","Esociformes","Chain Pickerel"
2020,8,21,45.24988833,-61.21515333,"Botryllus schlosseri","Star Tunicate","Animalia","Ascidiacea","Stolidobranchia","Tunicate"
2020,8,21,45.24985833,-61.21516333,"Botrylloides violaceus","Chain Tunicate","Animalia","Ascidiacea","Stolidobranchia","Tunicate"
2020,8,21,45.24986333,-61.21515,"Botrylloides violaceus","Chain Tunicate","Animalia","Ascidiacea","Stolidobranchia","Tunicate"
2020,8,29,44.43461992,-65.19599788,"Esox niger","Chain Pickerel","Actinopterygii","Actinopterygii","Esociformes","Chain Pickerel"
2020,8,29,44.31099884,-64.55466789,"Micropterus dolomieu","Smallmouth Bass","Actinopterygii","Actinopterygii","Centrarchiformes","Smallmouth Bass"
2020,8,29,44.31093833,-64.55460333,"Micropterus dolomieu","Smallmouth Bass","Actinopterygii","Actinopterygii","Centrarchiformes","Smallmouth Bass"
2020,8,31,44.64323018,-63.9128789,"Ciona intestinalis","Sea Vase","Animalia","Ascidiacea","Phlebobranchia","Tunicate"
2020,9,1,45.00694722,-64.37815,"Micropterus dolomieu","Smallmouth Bass","Actinopterygii","Actinopterygii","Centrarchiformes","Smallmouth Bass"
2020,9,5,44.85388833,-63.64377,"Micropterus dolomieu","Smallmouth Bass","Actinopterygii","Actinopterygii","Centrarchiformes","Smallmouth Bass"
2020,9,11,44.79404167,-62.84386167,"Botryllus schlosseri","Star Tunicate","Animalia","Ascidiacea","Stolidobranchia","Tunicate"
2020,9,11,45.02348333,-64.39459167,"Micropterus dolomieu","Smallmouth Bass","Actinopterygii","Actinopterygii","Centrarchiformes","Smallmouth Bass"
2020,9,12,44.381565,-65.205375,"Esox niger","Chain Pickerel","Actinopterygii","Actinopterygii","Esociformes","Chain Pickerel"
2020,9,12,44.70927833,-63.55009667,"Micropterus dolomieu","Smallmouth Bass","Actinopterygii","Actinopterygii","Centrarchiformes","Smallmouth Bass"
2020,9,18,44.69186333,-63.54616167,"Esox niger","Chain Pickerel","Actinopterygii","Actinopterygii","Esociformes","Chain Pickerel"
2020,9,18,44.37355966,-64.56995255,"Micropterus dolomieu","Smallmouth Bass","Actinopterygii","Actinopterygii","Centrarchiformes","Smallmouth Bass"
2020,9,19,44.63777812,-63.61427196,"Botrylloides violaceus","Chain Tunicate","Animalia","Ascidiacea","Stolidobranchia","Tunicate"
2020,9,19,44.65317654,-63.99153918,"Botrylloides violaceus","Chain Tunicate","Animalia","Ascidiacea","Stolidobranchia","Tunicate"
2020,9,19,44.65357305,-63.99332496,"Botrylloides violaceus","Chain Tunicate","Animalia","Ascidiacea","Stolidobranchia","Tunicate"
2020,9,19,46.12593476,-60.20087723,"Ciona intestinalis","Sea Vase","Animalia","Ascidiacea","Phlebobranchia","Tunicate"
2020,9,19,46.12624035,-60.20053704,"Ciona","","Animalia","Ascidiacea","Phlebobranchia","Tunicate"
2020,9,20,44.63297833,-63.59832,"Botryllus schlosseri","Star Tunicate","Animalia","Ascidiacea","Stolidobranchia","Tunicate"
2020,9,20,44.6724722,-63.54936262,"Micropterus dolomieu","Smallmouth Bass","Actinopterygii","Actinopterygii","Centrarchiformes","Smallmouth Bass"
2020,9,20,44.37346864,-64.5705816,"Micropterus dolomieu","Smallmouth Bass","Actinopterygii","Actinopterygii","Centrarchiformes","Smallmouth Bass"
2020,9,26,44.69917167,-63.55790833,"Esox niger","Chain Pickerel","Actinopterygii","Actinopterygii","Esociformes","Chain Pickerel"
2020,9,26,44.465555,-63.740555,"Ciona intestinalis","Sea Vase","Animalia","Ascidiacea","Phlebobranchia","Tunicate"
2020,9,27,44.69780833,-63.56001333,"Esox niger","Chain Pickerel","Actinopterygii","Actinopterygii","Esociformes","Chain Pickerel"
2020,10,1,44.64175531,-63.56747465,"Tunicata","Tunicates","Animalia","","","Tunicate"
2020,10,5,44.63188274,-63.5948994,"Botrylloides violaceus","Chain Tunicate","Animalia","Ascidiacea","Stolidobranchia","Tunicate"
2020,10,14,44.46324178,-65.2897441,"Esox niger","Chain Pickerel","Actinopterygii","Actinopterygii","Esociformes","Chain Pickerel"
2020,10,15,44.48011667,-63.78520333,"Ciona intestinalis","Sea Vase","Animalia","Ascidiacea","Phlebobranchia","Tunicate"
2020,10,16,44.46270936,-65.28873995,"Esox niger","Chain Pickerel","Actinopterygii","Actinopterygii","Esociformes","Chain Pickerel"
2020,10,18,44.472725,-63.72394167,"Phlebobranchia","","Animalia","Ascidiacea","Phlebobranchia","Tunicate"
2020,10,18,44.63231361,-63.93596329,"Ciona intestinalis","Sea Vase","Animalia","Ascidiacea","Phlebobranchia","Tunicate"
2020,10,18,45.1604024,-64.35500651,"Diplosoma listerianum","Jelly Crust Tunicate","Animalia","Ascidiacea","Aplousobranchia","Tunicate"
2020,10,19,44.26010094,-64.24979632,"Botryllus schlosseri","Star Tunicate","Animalia","Ascidiacea","Stolidobranchia","Tunicate"
2020,10,19,44.26010094,-64.24979632,"Botrylloides violaceus","Chain Tunicate","Animalia","Ascidiacea","Stolidobranchia","Tunicate"
2020,10,19,44.63498,-63.61419667,"Ciona intestinalis","Sea Vase","Animalia","Ascidiacea","Phlebobranchia","Tunicate"
2020,10,19,44.6475811,-63.5727683,"Ciona intestinalis","Sea Vase","Animalia","Ascidiacea","Phlebobranchia","Tunicate"
2020,10,20,44.63305333,-63.59868833,"Ciona intestinalis","Sea Vase","Animalia","Ascidiacea","Phlebobranchia","Tunicate"
2020,11,6,44.633145,-63.59871667,"Ascidiacea","Sea Squirts","Animalia","Ascidiacea","","Tunicate"
2020,11,7,46.2915952,-60.440512,"Botrylloides violaceus","Chain Tunicate","Animalia","Ascidiacea","Stolidobranchia","Tunicate"
2020,11,13,44.63179942,-63.59488497,"Tunicata","Tunicates","Animalia","","","Tunicate"
2020,11,15,44.63701667,-63.61431333,"Ascidiella aspersa","European ascidian","Animalia","Ascidiacea","Phlebobranchia","Tunicate"
2020,11,21,44.63313333,-63.598655,"Ciona intestinalis","Sea Vase","Animalia","Ascidiacea","Phlebobranchia","Tunicate"
2020,11,24,44.64109709,-63.61622337,"Ciona intestinalis","Sea Vase","Animalia","Ascidiacea","Phlebobranchia","Tunicate"
2020,12,3,44.49769075,-64.06526963,"Botrylloides violaceus","Chain Tunicate","Animalia","Ascidiacea","Stolidobranchia","Tunicate"
2020,12,3,44.49769075,-64.06526963,"Styelidae","","Animalia","Ascidiacea","Stolidobranchia","Tunicate"
2020,12,3,44.49769075,-64.06526963,"Botryllus schlosseri","Star Tunicate","Animalia","Ascidiacea","Stolidobranchia","Tunicate"
2020,12,11,44.63321185,-63.5988244,"Botrylloides violaceus","Chain Tunicate","Animalia","Ascidiacea","Stolidobranchia","Tunicate"
2020,12,19,44.63302161,-63.93510232,"Ascidia","","Animalia","Ascidiacea","Phlebobranchia","Tunicate"
2020,12,26,44.53586737,-64.2417094,"Ciona intestinalis","Sea Vase","Animalia","Ascidiacea","Phlebobranchia","Tunicate"
2020,12,28,43.90742111,-65.88147736,"Esox niger","Chain Pickerel","Actinopterygii","Actinopterygii","Esociformes","Chain Pickerel"
2020,12,30,44.64466823,-63.37913303,"Boltenia ovifera","Stalked tunicate","Animalia","Ascidiacea","Stolidobranchia","Tunicate"
2021,1,1,44.67786306,-63.6026549,"Botrylloides violaceus","Chain Tunicate","Animalia","Ascidiacea","Stolidobranchia","Tunicate"
2021,1,1,44.6334332,-63.5923154,"Ciona intestinalis","Sea Vase","Animalia","Ascidiacea","Phlebobranchia","Tunicate"
2021,1,1,44.6283693,-63.5949627,"Ciona intestinalis","Sea Vase","Animalia","Ascidiacea","Phlebobranchia","Tunicate"
2021,1,1,44.6278924,-63.5948206,"Botrylloides violaceus","Chain Tunicate","Animalia","Ascidiacea","Stolidobranchia","Tunicate"
2021,1,14,44.56204428,-64.20227533,"Botryllus schlosseri","Star Tunicate","Animalia","Ascidiacea","Stolidobranchia","Tunicate"
2021,1,14,44.56204428,-64.20227533,"Botrylloides violaceus","Chain Tunicate","Animalia","Ascidiacea","Stolidobranchia","Tunicate"
2021,1,14,44.56204428,-64.20227533,"Styelidae","","Animalia","Ascidiacea","Stolidobranchia","Tunicate"
2021,1,14,44.56204428,-64.20227533,"Tunicata","Tunicates","Animalia","","","Tunicate"
2021,1,28,44.61483654,-64.05722121,"Botryllus schlosseri","Star Tunicate","Animalia","Ascidiacea","Stolidobranchia","Tunicate"
2021,1,28,44.61483654,-64.05722121,"Botrylloides violaceus","Chain Tunicate","Animalia","Ascidiacea","Stolidobranchia","Tunicate"
2021,1,30,44.61992,-63.571995,"Botrylloides violaceus","Chain Tunicate","Animalia","Ascidiacea","Stolidobranchia","Tunicate"
2021,2,15,45.144445,-64.84045,"Didemnum albidum","Northern White Crust","Animalia","Ascidiacea","Aplousobranchia","Tunicate"
2021,2,15,45.14438064,-64.84124073,"Didemnum albidum","Northern White Crust","Animalia","Ascidiacea","Aplousobranchia","Tunicate"
2021,2,21,45.170807,-64.746383,"Diplosoma listerianum","Jelly Crust Tunicate","Animalia","Ascidiacea","Aplousobranchia","Tunicate"
2021,2,27,44.23335316,-64.37009908,"Botrylloides violaceus","Chain Tunicate","Animalia","Ascidiacea","Stolidobranchia","Tunicate"
2021,2,27,44.23336292,-64.36986869,"Botryllus schlosseri","Star Tunicate","Animalia","Ascidiacea","Stolidobranchia","Tunicate"
2021,2,27,44.23336292,-64.36986869,"Botrylloides violaceus","Chain Tunicate","Animalia","Ascidiacea","Stolidobranchia","Tunicate"
2021,2,27,44.23336292,-64.36986869,"Botrylloides violaceus","Chain Tunicate","Animalia","Ascidiacea","Stolidobranchia","Tunicate"
2021,2,28,45.16049333,-64.78539667,"Didemnum albidum","Northern White Crust","Animalia","Ascidiacea","Aplousobranchia","Tunicate"
2021,2,28,44.6375322,-63.6044248,"Ciona intestinalis","Sea Vase","Animalia","Ascidiacea","Phlebobranchia","Tunicate"
2021,3,11,44.33541157,-64.29195439,"Ascidia","","Animalia","Ascidiacea","Phlebobranchia","Tunicate"
2021,3,11,44.33541157,-64.29195439,"Botryllus schlosseri","Star Tunicate","Animalia","Ascidiacea","Stolidobranchia","Tunicate"
2021,3,11,44.33541157,-64.29195439,"Botrylloides violaceus","Chain Tunicate","Animalia","Ascidiacea","Stolidobranchia","Tunicate"
2021,3,11,44.33331667,-64.28836,"Botrylloides violaceus","Chain Tunicate","Animalia","Ascidiacea","Stolidobranchia","Tunicate"
2021,3,12,44.6281248,-63.5949575,"Styela clava","Stalked Sea Squirt","Animalia","Ascidiacea","Stolidobranchia","Tunicate"
2021,3,28,44.39299444,-64.26414444,"Botrylloides violaceus","Chain Tunicate","Animalia","Ascidiacea","Stolidobranchia","Tunicate"
2021,3,28,44.39314238,-64.26347137,"Styela clava","Stalked Sea Squirt","Animalia","Ascidiacea","Stolidobranchia","Tunicate"
2021,3,28,45.145515,-64.83746167,"Didemnum albidum","Northern White Crust","Animalia","Ascidiacea","Aplousobranchia","Tunicate"
2021,3,28,45.145705,-64.83753333,"Didemnum albidum","Northern White Crust","Animalia","Ascidiacea","Aplousobranchia","Tunicate"
2021,3,28,45.145745,-64.83752333,"Didemnum albidum","Northern White Crust","Animalia","Ascidiacea","Aplousobranchia","Tunicate"
2021,3,28,45.14590167,-64.83701333,"Didemnum albidum","Northern White Crust","Animalia","Ascidiacea","Aplousobranchia","Tunicate"
2021,3,28,44.39284011,-64.26583576,"Styela clava","Stalked Sea Squirt","Animalia","Ascidiacea","Stolidobranchia","Tunicate"
2021,3,28,44.39284011,-64.26583576,"Ciona intestinalis","Sea Vase","Animalia","Ascidiacea","Phlebobranchia","Tunicate"
2021,3,28,44.63562187,-64.0593586,"Ciona intestinalis","Sea Vase","Animalia","Ascidiacea","Phlebobranchia","Tunicate"
2021,3,28,44.63664288,-64.05974752,"Botrylloides violaceus","Chain Tunicate","Animalia","Ascidiacea","Stolidobranchia","Tunicate"
2021,3,30,43.52297001,-65.60695657,"Botrylloides violaceus","Chain Tunicate","Animalia","Ascidiacea","Stolidobranchia","Tunicate"
2021,3,30,43.527233,-65.609274,"Ciona intestinalis","Sea Vase","Animalia","Ascidiacea","Phlebobranchia","Tunicate"
2021,3,30,43.52607333,-65.60544667,"Botryllus schlosseri","Star Tunicate","Animalia","Ascidiacea","Stolidobranchia","Tunicate"
2021,3,30,43.525915,-65.60529,"Botrylloides violaceus","Chain Tunicate","Animalia","Ascidiacea","Stolidobranchia","Tunicate"
2021,4,3,44.46886808,-63.78406778,"Ciona intestinalis","Sea Vase","Animalia","Ascidiacea","Phlebobranchia","Tunicate"
2021,4,3,44.46886949,-63.7840718,"Ciona intestinalis","Sea Vase","Animalia","Ascidiacea","Phlebobranchia","Tunicate"
2021,4,8,44.77457893,-62.78052743,"Ascidiacea","Sea Squirts","Animalia","Ascidiacea","","Tunicate"
2021,4,10,44.37695333,-64.29754333,"Styela clava","Stalked Sea Squirt","Animalia","Ascidiacea","Stolidobranchia","Tunicate"
2021,4,10,44.37748317,-64.29803045,"Botrylloides violaceus","Chain Tunicate","Animalia","Ascidiacea","Stolidobranchia","Tunicate"
2021,4,10,44.37748317,-64.29803045,"Botryllus schlosseri","Star Tunicate","Animalia","Ascidiacea","Stolidobranchia","Tunicate"
2021,4,10,44.37748317,-64.29803045,"Botrylloides violaceus","Chain Tunicate","Animalia","Ascidiacea","Stolidobranchia","Tunicate"
2021,4,25,44.37069133,-64.8734402,"Micropterus dolomieu","Smallmouth Bass","Actinopterygii","Actinopterygii","Centrarchiformes","Smallmouth Bass"
2021,4,26,45.1606,-64.78590333,"Didemnum albidum","Northern White Crust","Animalia","Ascidiacea","Aplousobranchia","Tunicate"
2021,4,27,44.19471097,-65.93932997,"Esox niger","Chain Pickerel","Actinopterygii","Actinopterygii","Esociformes","Chain Pickerel"
2021,4,29,45.1697879,-64.756468,"Didemnum albidum","Northern White Crust","Animalia","Ascidiacea","Aplousobranchia","Tunicate"
2021,4,29,45.17316833,-64.75667667,"Didemnum albidum","Northern White Crust","Animalia","Ascidiacea","Aplousobranchia","Tunicate"
2021,4,29,45.15191,-64.818655,"Didemnum albidum","Northern White Crust","Animalia","Ascidiacea","Aplousobranchia","Tunicate"
2021,5,1,44.66325927,-63.51245783,"Esox niger","Chain Pickerel","Actinopterygii","Actinopterygii","Esociformes","Chain Pickerel"
2021,5,2,44.48944444,-63.72694444,"Ciona intestinalis","Sea Vase","Animalia","Ascidiacea","Phlebobranchia","Tunicate"
2021,5,2,44.48831218,-63.72665728,"Botryllus schlosseri","Star Tunicate","Animalia","Ascidiacea","Stolidobranchia","Tunicate"
2021,5,3,45.09006383,-64.2891,"Micropterus dolomieu","Smallmouth Bass","Actinopterygii","Actinopterygii","Centrarchiformes","Smallmouth Bass"
2021,5,7,43.99651147,-65.91579399,"Micropterus dolomieu","Smallmouth Bass","Actinopterygii","Actinopterygii","Centrarchiformes","Smallmouth Bass"
2021,5,15,44.85496333,-63.66162167,"Micropterus dolomieu","Smallmouth Bass","Actinopterygii","Actinopterygii","Centrarchiformes","Smallmouth Bass"
2021,5,17,45.00685555,-64.378005,"Micropterus dolomieu","Smallmouth Bass","Actinopterygii","Actinopterygii","Centrarchiformes","Smallmouth Bass"
2021,5,29,45.19814783,-64.64365241,"Didemnum albidum","Northern White Crust","Animalia","Ascidiacea","Aplousobranchia","Tunicate"
2021,5,29,45.138225,-64.859855,"Didemnum albidum","Northern White Crust","Animalia","Ascidiacea","Aplousobranchia","Tunicate"
2021,5,30,45.22134715,-64.54817731,"Didemnum albidum","Northern White Crust","Animalia","Ascidiacea","Aplousobranchia","Tunicate"
2021,5,30,45.22134715,-64.54817731,"Tunicata","Tunicates","Animalia","","","Tunicate"
2021,5,30,45.22102378,-64.54719167,"Diplosoma listerianum","Jelly Crust Tunicate","Animalia","Ascidiacea","Aplousobranchia","Tunicate"
2021,6,2,44.70266333,-63.5554,"Esox niger","Chain Pickerel","Actinopterygii","Actinopterygii","Esociformes","Chain Pickerel"
2021,6,2,44.74442,-63.56250333,"Esox niger","Chain Pickerel","Actinopterygii","Actinopterygii","Esociformes","Chain Pickerel"
2021,6,2,44.68118333,-63.60176167,"Botrylloides violaceus","Chain Tunicate","Animalia","Ascidiacea","Stolidobranchia","Tunicate"
2021,6,2,44.48785385,-63.89233435,"Aplousobranchia","","Animalia","Ascidiacea","Aplousobranchia","Tunicate"
2021,6,2,44.69435833,-63.55011667,"Micropterus dolomieu","Smallmouth Bass","Actinopterygii","Actinopterygii","Centrarchiformes","Smallmouth Bass"
2021,6,6,44.6873258,-63.5421819,"Esox niger","Chain Pickerel","Actinopterygii","Actinopterygii","Esociformes","Chain Pickerel"
2021,6,6,44.34378148,-64.59165522,"Esox niger","Chain Pickerel","Actinopterygii","Actinopterygii","Esociformes","Chain Pickerel"
2021,6,6,44.48249651,-64.63364493,"Micropterus dolomieu","Smallmouth Bass","Actinopterygii","Actinopterygii","Centrarchiformes","Smallmouth Bass"
2021,6,7,44.67153492,-63.56316328,"Micropterus dolomieu","Smallmouth Bass","Actinopterygii","Actinopterygii","Centrarchiformes","Smallmouth Bass"
2021,6,11,45.0765695,-64.54056667,"Esox niger","Chain Pickerel","Actinopterygii","Actinopterygii","Esociformes","Chain Pickerel"
2021,6,12,45.67505256,-64.06559966,"Micropterus dolomieu","Smallmouth Bass","Actinopterygii","Actinopterygii","Centrarchiformes","Smallmouth Bass"
2021,6,13,44.69793584,-63.55205361,"Esox niger","Chain Pickerel","Actinopterygii","Actinopterygii","Esociformes","Chain Pickerel"
2021,6,13,44.67743632,-63.55751806,"Esox niger","Chain Pickerel","Actinopterygii","Actinopterygii","Esociformes","Chain Pickerel"
2021,6,13,44.74617325,-63.70049889,"Micropterus dolomieu","Smallmouth Bass","Actinopterygii","Actinopterygii","Centrarchiformes","Smallmouth Bass"
2021,6,13,44.67315296,-63.56417183,"Micropterus dolomieu","Smallmouth Bass","Actinopterygii","Actinopterygii","Centrarchiformes","Smallmouth Bass"
2021,6,19,44.64292492,-63.56745036,"Botrylloides violaceus","Chain Tunicate","Animalia","Ascidiacea","Stolidobranchia","Tunicate"
2021,6,20,44.96930093,-64.5254939,"Micropterus dolomieu","Smallmouth Bass","Actinopterygii","Actinopterygii","Centrarchiformes","Smallmouth Bass"
2021,6,20,44.62694273,-63.64298073,"Micropterus dolomieu","Smallmouth Bass","Actinopterygii","Actinopterygii","Centrarchiformes","Smallmouth Bass"
2021,6,26,44.96010099,-64.38560698,"Esox niger","Chain Pickerel","Actinopterygii","Actinopterygii","Esociformes","Chain Pickerel"
2021,6,26,46.07261746,-60.29166892,"Esox niger","Chain Pickerel","Actinopterygii","Actinopterygii","Esociformes","Chain Pickerel"
2021,6,29,44.98162827,-64.52971003,"Micropterus dolomieu","Smallmouth Bass","Actinopterygii","Actinopterygii","Centrarchiformes","Smallmouth Bass"
2021,7,3,43.99448325,-64.65687379,"Botryllus schlosseri","Star Tunicate","Animalia","Ascidiacea","Stolidobranchia","Tunicate"
2021,7,9,44.77700943,-63.72551496,"Micropterus dolomieu","Smallmouth Bass","Actinopterygii","Actinopterygii","Centrarchiformes","Smallmouth Bass"
2021,7,12,44.65307003,-63.99309263,"Botryllus schlosseri","Star Tunicate","Animalia","Ascidiacea","Stolidobranchia","Tunicate"
2021,7,12,44.56260756,-64.20956756,"Botrylloides violaceus","Chain Tunicate","Animalia","Ascidiacea","Stolidobranchia","Tunicate"
2021,7,12,44.56281347,-64.209495,"Botryllus schlosseri","Star Tunicate","Animalia","Ascidiacea","Stolidobranchia","Tunicate"
2021,7,12,44.56458151,-64.21071027,"Botrylloides violaceus","Chain Tunicate","Animalia","Ascidiacea","Stolidobranchia","Tunicate"
2021,7,12,44.56260655,-64.2092787,"Botrylloides","","Animalia","Ascidiacea","Stolidobranchia","Tunicate"
2021,7,14,44.43880583,-65.30667842,"Esox niger","Chain Pickerel","Actinopterygii","Actinopterygii","Esociformes","Chain Pickerel"
2021,7,14,44.52537237,-63.94693058,"Botrylloides violaceus","Chain Tunicate","Animalia","Ascidiacea","Stolidobranchia","Tunicate"
2021,7,20,44.37633833,-64.31387167,"Ciona intestinalis","Sea Vase","Animalia","Ascidiacea","Phlebobranchia","Tunicate"
2021,7,22,44.9161529,-65.33836344,"Didemnum albidum","Northern White Crust","Animalia","Ascidiacea","Aplousobranchia","Tunicate"
2021,7,22,44.9161529,-65.33836344,"Dendrodoa carnea","","Animalia","Ascidiacea","Stolidobranchia","Tunicate"
2021,7,23,44.38250333,-65.19962167,"Esox niger","Chain Pickerel","Actinopterygii","Actinopterygii","Esociformes","Chain Pickerel"
2021,7,23,45.21435856,-64.36400463,"Didemnidae","Overgrowing Tunicates","Animalia","Ascidiacea","Aplousobranchia","Tunicate"
2021,7,25,44.06718833,-64.55917833,"Botryllus schlosseri","Star Tunicate","Animalia","Ascidiacea","Stolidobranchia","Tunicate"
2021,7,25,44.07343,-64.561339,"Botryllus schlosseri","Star Tunicate","Animalia","Ascidiacea","Stolidobranchia","Tunicate"
2021,7,26,43.989111,-64.6776019,"Ascidiacea","Sea Squirts","Animalia","Ascidiacea","","Tunicate"
2021,7,26,43.84149543,-64.86322937,"Didemnidae","Overgrowing Tunicates","Animalia","Ascidiacea","Aplousobranchia","Tunicate"
2021,7,26,43.84120807,-64.86283929,"Botrylloides","","Animalia","Ascidiacea","Stolidobranchia","Tunicate"
2021,7,28,44.80616167,-64.11257217,"Micropterus dolomieu","Smallmouth Bass","Actinopterygii","Actinopterygii","Centrarchiformes","Smallmouth Bass"
2021,7,30,44.49758418,-66.1020585,"Salpida","Salps","Animalia","Thaliacea","Salpida","Tunicate"
2021,8,10,44.60943333,-65.92357,"Salpidae","Salps","Animalia","Thaliacea","Salpida","Tunicate"
2021,8,10,45.68214167,-63.48427167,"Micropterus dolomieu","Smallmouth Bass","Actinopterygii","Actinopterygii","Centrarchiformes","Smallmouth Bass"
2021,8,11,44.97861631,-64.53871907,"Micropterus dolomieu","Smallmouth Bass","Actinopterygii","Actinopterygii","Centrarchiformes","Smallmouth Bass"
2021,8,11,44.94247066,-64.56928149,"Micropterus dolomieu","Smallmouth Bass","Actinopterygii","Actinopterygii","Centrarchiformes","Smallmouth Bass"
2021,8,12,44.65328834,-65.63750223,"Salpida","Salps","Animalia","Thaliacea","Salpida","Tunicate"
2021,8,14,44.84966762,-63.64934195,"Micropterus dolomieu","Smallmouth Bass","Actinopterygii","Actinopterygii","Centrarchiformes","Smallmouth Bass"
2021,8,15,44.70497306,-63.55660189,"Esox niger","Chain Pickerel","Actinopterygii","Actinopterygii","Esociformes","Chain Pickerel"
2021,8,16,44.6495,-63.7188,"Micropterus dolomieu","Smallmouth Bass","Actinopterygii","Actinopterygii","Centrarchiformes","Smallmouth Bass"
2021,8,19,44.66617667,-65.83277833,"Salpida","Salps","Animalia","Thaliacea","Salpida","Tunicate"
2021,8,19,44.64671059,-65.86440576,"Salpidae","Salps","Animalia","Thaliacea","Salpida","Tunicate"
2021,8,19,44.64671059,-65.86440576,"Ascidiacea","Sea Squirts","Animalia","Ascidiacea","","Tunicate"
2021,8,20,44.78341119,-63.764267,"Micropterus dolomieu","Smallmouth Bass","Actinopterygii","Actinopterygii","Centrarchiformes","Smallmouth Bass"
2021,8,22,44.13366604,-64.51761131,"Botrylloides violaceus","Chain Tunicate","Animalia","Ascidiacea","Stolidobranchia","Tunicate"
2021,8,22,43.82193939,-64.8906314,"Botrylloides violaceus","Chain Tunicate","Animalia","Ascidiacea","Stolidobranchia","Tunicate"
2021,8,22,44.63216556,-63.91471569,"Tunicata","Tunicates","Animalia","","","Tunicate"
2021,8,23,44.63179594,-63.59488321,"Botryllus schlosseri","Star Tunicate","Animalia","Ascidiacea","Stolidobranchia","Tunicate"
2021,8,25,44.4221099,-64.55200898,"Micropterus dolomieu","Smallmouth Bass","Actinopterygii","Actinopterygii","Centrarchiformes","Smallmouth Bass"
2021,8,28,46.12556534,-60.20190494,"Tunicata","Tunicates","Animalia","","","Tunicate"
2021,8,28,46.12566117,-60.20139667,"Ciona intestinalis","Sea Vase","Animalia","Ascidiacea","Phlebobranchia","Tunicate"
2021,8,28,44.31101167,-64.55456667,"Micropterus dolomieu","Smallmouth Bass","Actinopterygii","Actinopterygii","Centrarchiformes","Smallmouth Bass"
2021,9,3,44.66511547,-63.57154918,"Botryllus schlosseri","Star Tunicate","Animalia","Ascidiacea","Stolidobranchia","Tunicate"
2021,9,5,43.82328625,-64.89932029,"Ciona intestinalis","Sea Vase","Animalia","Ascidiacea","Phlebobranchia","Tunicate"
2021,9,11,43.85894321,-64.88180992,"Botrylloides violaceus","Chain Tunicate","Animalia","Ascidiacea","Stolidobranchia","Tunicate"
2021,9,12,44.46250651,-63.70901944,"Ciona intestinalis","Sea Vase","Animalia","Ascidiacea","Phlebobranchia","Tunicate"
2021,9,13,44.4011,-65.24188833,"Esox niger","Chain Pickerel","Actinopterygii","Actinopterygii","Esociformes","Chain Pickerel"
2021,9,15,44.4699709,-63.5792106,"Ciona intestinalis","Sea Vase","Animalia","Ascidiacea","Phlebobranchia","Tunicate"
2021,9,15,44.52601167,-63.94304167,"Ciona intestinalis","Sea Vase","Animalia","Ascidiacea","Phlebobranchia","Tunicate"
2021,9,16,44.46223146,-63.58625192,"Tunicata","Tunicates","Animalia","","","Tunicate"
2021,9,20,44.63721402,-63.60373243,"Ciona intestinalis","Sea Vase","Animalia","Ascidiacea","Phlebobranchia","Tunicate"
2021,9,20,44.62067,-63.57470833,"Botryllus schlosseri","Star Tunicate","Animalia","Ascidiacea","Stolidobranchia","Tunicate"
2021,9,20,44.62762257,-63.58585406,"Botrylloides violaceus","Chain Tunicate","Animalia","Ascidiacea","Stolidobranchia","Tunicate"
2021,9,22,44.35403744,-64.23455167,"Botryllus schlosseri","Star Tunicate","Animalia","Ascidiacea","Stolidobranchia","Tunicate"
2021,9,22,44.35403744,-64.23455167,"Ciona intestinalis","Sea Vase","Animalia","Ascidiacea","Phlebobranchia","Tunicate"
2021,9,22,44.36117691,-64.2629922,"Botrylloides","","Animalia","Ascidiacea","Stolidobranchia","Tunicate"
2021,9,23,44.5032116,-64.0662187,"Botryllus schlosseri","Star Tunicate","Animalia","Ascidiacea","Stolidobranchia","Tunicate"
2021,9,24,44.63245736,-63.59861467,"Ascidiacea","Sea Squirts","Animalia","Ascidiacea","","Tunicate"
2021,9,24,44.63651299,-63.59367601,"Ciona intestinalis","Sea Vase","Animalia","Ascidiacea","Phlebobranchia","Tunicate"
2021,9,24,44.63319652,-63.59865557,"Ascidiella aspersa","European ascidian","Animalia","Ascidiacea","Phlebobranchia","Tunicate"
2021,9,24,44.63293266,-63.59874344,"Ascidiacea","Sea Squirts","Animalia","Ascidiacea","","Tunicate"
2021,9,24,44.63317027,-63.59874308,"Corella","","Animalia","Ascidiacea","Phlebobranchia","Tunicate"
2021,9,24,44.6334506,-63.5986985,"Phlebobranchia","","Animalia","Ascidiacea","Phlebobranchia","Tunicate"
2021,9,24,44.63007019,-63.59764645,"Ciona intestinalis","Sea Vase","Animalia","Ascidiacea","Phlebobranchia","Tunicate"
2021,9,24,44.63317862,-63.59866597,"Botrylloides violaceus","Chain Tunicate","Animalia","Ascidiacea","Stolidobranchia","Tunicate"
2021,9,24,44.30204786,-64.29657605,"Ascidiacea","Sea Squirts","Animalia","Ascidiacea","","Tunicate"
2021,9,24,44.65237163,-63.97220774,"Botrylloides violaceus","Chain Tunicate","Animalia","Ascidiacea","Stolidobranchia","Tunicate"
2021,9,24,44.65237163,-63.97220774,"Botryllus schlosseri","Star Tunicate","Animalia","Ascidiacea","Stolidobranchia","Tunicate"
2021,9,24,44.65240219,-63.97225138,"Botrylloides violaceus","Chain Tunicate","Animalia","Ascidiacea","Stolidobranchia","Tunicate"
2021,9,24,44.30204786,-64.29657605,"Botrylloides violaceus","Chain Tunicate","Animalia","Ascidiacea","Stolidobranchia","Tunicate"
2021,9,26,44.18937167,-64.83403,"Micropterus dolomieu","Smallmouth Bass","Actinopterygii","Actinopterygii","Centrarchiformes","Smallmouth Bass"
2021,10,6,44.63166667,-63.59333333,"Botrylloides violaceus","Chain Tunicate","Animalia","Ascidiacea","Stolidobranchia","Tunicate"
2021,10,8,44.63119452,-63.59518745,"Botrylloides violaceus","Chain Tunicate","Animalia","Ascidiacea","Stolidobranchia","Tunicate"
2021,10,8,44.63180353,-63.59491792,"Ciona intestinalis","Sea Vase","Animalia","Ascidiacea","Phlebobranchia","Tunicate"
2021,10,9,45.1979133,-64.6441532,"Didemnum albidum","Northern White Crust","Animalia","Ascidiacea","Aplousobranchia","Tunicate"
2021,10,10,44.48022,-63.78489167,"Ciona intestinalis","Sea Vase","Animalia","Ascidiacea","Phlebobranchia","Tunicate"
2021,10,11,44.62126667,-63.57486667,"Botrylloides violaceus","Chain Tunicate","Animalia","Ascidiacea","Stolidobranchia","Tunicate"
2021,11,2,44.48035833,-63.78503833,"Botrylloides violaceus","Chain Tunicate","Animalia","Ascidiacea","Stolidobranchia","Tunicate"
2021,11,2,44.48033833,-63.78504167,"Ciona intestinalis","Sea Vase","Animalia","Ascidiacea","Phlebobranchia","Tunicate"
2021,11,2,44.49018355,-63.89757682,"Thalia","","Animalia","Thaliacea","Salpida","Tunicate"
2021,11,2,44.49321488,-63.91103181,"Botrylloides violaceus","Chain Tunicate","Animalia","Ascidiacea","Stolidobranchia","Tunicate"
2021,11,2,44.49666107,-63.91730702,"Botrylloides violaceus","Chain Tunicate","Animalia","Ascidiacea","Stolidobranchia","Tunicate"
2021,11,2,44.49666107,-63.91730702,"Botryllus schlosseri","Star Tunicate","Animalia","Ascidiacea","Stolidobranchia","Tunicate"
2021,11,2,44.49666107,-63.91730702,"Botryllus schlosseri","Star Tunicate","Animalia","Ascidiacea","Stolidobranchia","Tunicate"
2021,11,3,44.55659814,-64.02954192,"Thetys","","Animalia","Thaliacea","Salpida","Tunicate"
2021,11,4,44.61942833,-63.56332,"Botrylloides violaceus","Chain Tunicate","Animalia","Ascidiacea","Stolidobranchia","Tunicate"
2021,11,4,44.61945833,-63.56335833,"Botrylloides violaceus","Chain Tunicate","Animalia","Ascidiacea","Stolidobranchia","Tunicate"
2021,11,4,44.61940333,-63.56335,"Botrylloides violaceus","Chain Tunicate","Animalia","Ascidiacea","Stolidobranchia","Tunicate"
2021,11,5,44.36036667,-64.26946833,"Botryllus schlosseri","Star Tunicate","Animalia","Ascidiacea","Stolidobranchia","Tunicate"
2021,11,6,44.62128,-63.574855,"Botrylloides violaceus","Chain Tunicate","Animalia","Ascidiacea","Stolidobranchia","Tunicate"
2021,11,6,44.70911187,-63.83293603,"Tunicata","Tunicates","Animalia","","","Tunicate"
2021,11,7,44.49667706,-63.9175856,"Botrylloides violaceus","Chain Tunicate","Animalia","Ascidiacea","Stolidobranchia","Tunicate"
2021,11,7,44.49667706,-63.9175856,"Ciona intestinalis","Sea Vase","Animalia","Ascidiacea","Phlebobranchia","Tunicate"
2021,11,8,44.63075704,-63.59719784,"Botrylloides violaceus","Chain Tunicate","Animalia","Ascidiacea","Stolidobranchia","Tunicate"
2021,11,8,44.63148667,-63.59844167,"Botrylloides violaceus","Chain Tunicate","Animalia","Ascidiacea","Stolidobranchia","Tunicate"
2021,11,8,44.63200333,-63.598155,"Ciona intestinalis","Sea Vase","Animalia","Ascidiacea","Phlebobranchia","Tunicate"
2021,11,8,44.48020833,-63.78512,"Botrylloides violaceus","Chain Tunicate","Animalia","Ascidiacea","Stolidobranchia","Tunicate"
2021,11,8,44.48003333,-63.78528833,"Ciona intestinalis","Sea Vase","Animalia","Ascidiacea","Phlebobranchia","Tunicate"
2021,11,13,44.63983153,-63.61321192,"Ciona intestinalis","Sea Vase","Animalia","Ascidiacea","Phlebobranchia","Tunicate"
2021,11,17,44.63309778,-63.59847922,"Tunicata","Tunicates","Animalia","","","Tunicate"
2021,11,20,44.61783667,-63.566545,"Botrylloides violaceus","Chain Tunicate","Animalia","Ascidiacea","Stolidobranchia","Tunicate"
2021,11,20,44.61873333,-63.56477,"Botrylloides violaceus","Chain Tunicate","Animalia","Ascidiacea","Stolidobranchia","Tunicate"
2021,11,20,44.61846667,-63.565525,"Botryllus schlosseri","Star Tunicate","Animalia","Ascidiacea","Stolidobranchia","Tunicate"
2021,11,26,44.66249667,-63.55758333,"Tunicata","Tunicates","Animalia","","","Tunicate"
2021,11,28,44.296629,-64.29965191,"Ascidiella aspersa","European ascidian","Animalia","Ascidiacea","Phlebobranchia","Tunicate"
2021,12,4,44.63762136,-63.60719236,"Ciona intestinalis","Sea Vase","Animalia","Ascidiacea","Phlebobranchia","Tunicate"
2021,12,4,44.62882469,-63.59484382,"Ascidiella aspersa","European ascidian","Animalia","Ascidiacea","Phlebobranchia","Tunicate"
2021,12,5,44.637584,-63.60426642,"Tunicata","Tunicates","Animalia","","","Tunicate"
2021,12,29,44.12381371,-64.51995877,"Botryllus schlosseri","Star Tunicate","Animalia","Ascidiacea","Stolidobranchia","Tunicate"
2021,12,29,44.12406016,-64.52013043,"Ascidiacea","Sea Squirts","Animalia","Ascidiacea","","Tunicate"
2021,12,31,44.23244776,-64.36956133,"Botrylloides violaceus","Chain Tunicate","Animalia","Ascidiacea","Stolidobranchia","Tunicate"
2022,1,6,44.99425667,-65.18256167,"Dendrodoa carnea","","Animalia","Ascidiacea","Stolidobranchia","Tunicate"
2022,1,6,44.99436,-65.18260667,"Didemnum albidum","Northern White Crust","Animalia","Ascidiacea","Aplousobranchia","Tunicate"
2022,1,10,44.63701668,-63.60339202,"Ciona intestinalis","Sea Vase","Animalia","Ascidiacea","Phlebobranchia","Tunicate"
2022,1,19,44.62035997,-63.57386291,"Ciona intestinalis","Sea Vase","Animalia","Ascidiacea","Phlebobranchia","Tunicate"
2022,1,31,44.87348281,-64.69162591,"Esox niger","Chain Pickerel","Actinopterygii","Actinopterygii","Esociformes","Chain Pickerel"
2022,2,27,44.63681333,-63.60373667,"Ciona intestinalis","Sea Vase","Animalia","Ascidiacea","Phlebobranchia","Tunicate"
2022,3,8,44.982388,-64.53469137,"Esox niger","Chain Pickerel","Actinopterygii","Actinopterygii","Esociformes","Chain Pickerel"
2022,3,22,44.63684667,-63.59431167,"Styela rustica","","Animalia","Ascidiacea","Stolidobranchia","Tunicate"
2022,3,26,44.6089134,-63.491605,"Ciona intestinalis","Sea Vase","Animalia","Ascidiacea","Phlebobranchia","Tunicate"
2022,4,12,44.67814076,-63.60608924,"Styela clava","Stalked Sea Squirt","Animalia","Ascidiacea","Stolidobranchia","Tunicate"
2022,4,20,43.996545,-65.91580639,"Micropterus dolomieu","Smallmouth Bass","Actinopterygii","Actinopterygii","Centrarchiformes","Smallmouth Bass"
2022,4,24,43.9916119,-64.65901941,"Botryllus schlosseri","Star Tunicate","Animalia","Ascidiacea","Stolidobranchia","Tunicate"
2022,4,25,44.58650812,-64.63878664,"Esox niger","Chain Pickerel","Actinopterygii","Actinopterygii","Esociformes","Chain Pickerel"
2022,4,28,44.66799347,-63.52962534,"Esox niger","Chain Pickerel","Actinopterygii","Actinopterygii","Esociformes","Chain Pickerel"
2022,4,28,44.46294802,-63.70735406,"Ascidiacea","Sea Squirts","Animalia","Ascidiacea","","Tunicate"
2022,4,29,44.65025512,-63.57184534,"Botrylloides violaceus","Chain Tunicate","Animalia","Ascidiacea","Stolidobranchia","Tunicate"
2022,4,30,44.49641105,-63.9175693,"Botrylloides violaceus","Chain Tunicate","Animalia","Ascidiacea","Stolidobranchia","Tunicate"
2022,4,30,44.49641105,-63.9175693,"Botryllus schlosseri","Star Tunicate","Animalia","Ascidiacea","Stolidobranchia","Tunicate"
2022,5,2,44.4050618,-65.25436531,"Esox niger","Chain Pickerel","Actinopterygii","Actinopterygii","Esociformes","Chain Pickerel"
2022,5,2,44.40508858,-65.25494362,"Esox niger","Chain Pickerel","Actinopterygii","Actinopterygii","Esociformes","Chain Pickerel"
2022,5,7,44.73689665,-63.6956183,"Micropterus dolomieu","Smallmouth Bass","Actinopterygii","Actinopterygii","Centrarchiformes","Smallmouth Bass"
2022,5,8,44.49459756,-63.73026282,"Ciona intestinalis","Sea Vase","Animalia","Ascidiacea","Phlebobranchia","Tunicate"
2022,5,8,44.49640311,-63.91752056,"Botryllus schlosseri","Star Tunicate","Animalia","Ascidiacea","Stolidobranchia","Tunicate"
2022,5,15,45.14459167,-64.840605,"Didemnum albidum","Northern White Crust","Animalia","Ascidiacea","Aplousobranchia","Tunicate"
2022,5,15,45.14448883,-64.84031667,"Diplosoma listerianum","Jelly Crust Tunicate","Animalia","Ascidiacea","Aplousobranchia","Tunicate"
2022,5,15,44.47419318,-63.71670686,"Halocynthia","Sea Peaches","Animalia","Ascidiacea","Stolidobranchia","Tunicate"
2022,5,20,44.9931718,-65.18193534,"Didemnum albidum","Northern White Crust","Animalia","Ascidiacea","Aplousobranchia","Tunicate"
2022,5,29,44.9794,-64.37853833,"Esox niger","Chain Pickerel","Actinopterygii","Actinopterygii","Esociformes","Chain Pickerel"
2022,5,30,44.49638258,-63.91723709,"Botryllus schlosseri","Star Tunicate","Animalia","Ascidiacea","Stolidobranchia","Tunicate"
2022,5,30,45.49507818,-62.77799718,"Micropterus dolomieu","Smallmouth Bass","Actinopterygii","Actinopterygii","Centrarchiformes","Smallmouth Bass"
2022,5,31,44.38298932,-65.19733865,"Esox niger","Chain Pickerel","Actinopterygii","Actinopterygii","Esociformes","Chain Pickerel"
2022,5,31,44.88847076,-64.39737045,"Micropterus dolomieu","Smallmouth Bass","Actinopterygii","Actinopterygii","Centrarchiformes","Smallmouth Bass"
2022,6,2,44.38575,-65.19245333,"Esox niger","Chain Pickerel","Actinopterygii","Actinopterygii","Esociformes","Chain Pickerel"
2022,6,2,44.48332691,-64.63250179,"Esox niger","Chain Pickerel","Actinopterygii","Actinopterygii","Esociformes","Chain Pickerel"
2022,6,3,44.47516622,-64.62127969,"Esox niger","Chain Pickerel","Actinopterygii","Actinopterygii","Esociformes","Chain Pickerel"
2022,6,4,44.46329248,-64.62434482,"Micropterus dolomieu","Smallmouth Bass","Actinopterygii","Actinopterygii","Centrarchiformes","Smallmouth Bass"
2022,6,6,44.38583564,-65.28181281,"Esox niger","Chain Pickerel","Actinopterygii","Actinopterygii","Esociformes","Chain Pickerel"
2022,6,8,44.64488333,-63.48494667,"Esox niger","Chain Pickerel","Actinopterygii","Actinopterygii","Esociformes","Chain Pickerel"
2022,6,9,44.32350426,-65.19211056,"Esox niger","Chain Pickerel","Actinopterygii","Actinopterygii","Esociformes","Chain Pickerel"
2022,6,10,44.38338446,-65.1966904,"Esox niger","Chain Pickerel","Actinopterygii","Actinopterygii","Esociformes","Chain Pickerel"
2022,6,10,44.31102834,-64.55466333,"Micropterus dolomieu","Smallmouth Bass","Actinopterygii","Actinopterygii","Centrarchiformes","Smallmouth Bass"
2022,6,10,44.31102834,-64.55466333,"Micropterus dolomieu","Smallmouth Bass","Actinopterygii","Actinopterygii","Centrarchiformes","Smallmouth Bass"
2022,6,12,44.33337922,-65.20510817,"Esox niger","Chain Pickerel","Actinopterygii","Actinopterygii","Esociformes","Chain Pickerel"
2022,6,12,44.3333773,-65.20491052,"Esox niger","Chain Pickerel","Actinopterygii","Actinopterygii","Esociformes","Chain Pickerel"
2022,6,12,44.39821099,-65.23200136,"Esox niger","Chain Pickerel","Actinopterygii","Actinopterygii","Esociformes","Chain Pickerel"
2022,6,17,44.73764295,-64.45311712,"Micropterus dolomieu","Smallmouth Bass","Actinopterygii","Actinopterygii","Centrarchiformes","Smallmouth Bass"
2022,6,18,44.40068662,-65.22018175,"Esox niger","Chain Pickerel","Actinopterygii","Actinopterygii","Esociformes","Chain Pickerel"
2022,6,18,44.4018354,-65.22031161,"Esox niger","Chain Pickerel","Actinopterygii","Actinopterygii","Esociformes","Chain Pickerel"
2022,6,21,44.67512833,-63.55073,"Micropterus dolomieu","Smallmouth Bass","Actinopterygii","Actinopterygii","Centrarchiformes","Smallmouth Bass"
2022,6,22,44.33342935,-65.20507313,"Esox niger","Chain Pickerel","Actinopterygii","Actinopterygii","Esociformes","Chain Pickerel"
2022,6,25,43.82245,-64.89141167,"Ciona intestinalis","Sea Vase","Animalia","Ascidiacea","Phlebobranchia","Tunicate"
2022,6,26,43.51458,-65.60797167,"Botrylloides","","Animalia","Ascidiacea","Stolidobranchia","Tunicate"
2022,6,29,44.39852603,-65.23165407,"Esox niger","Chain Pickerel","Actinopterygii","Actinopterygii","Esociformes","Chain Pickerel"
2022,7,4,44.1268805,-65.48367167,"Esox niger","Chain Pickerel","Actinopterygii","Actinopterygii","Esociformes","Chain Pickerel"
2022,7,7,44.49289525,-65.81545573,"Micropterus dolomieu","Smallmouth Bass","Actinopterygii","Actinopterygii","Centrarchiformes","Smallmouth Bass"
2022,7,7,44.83096667,-64.24517833,"Micropterus dolomieu","Smallmouth Bass","Actinopterygii","Actinopterygii","Centrarchiformes","Smallmouth Bass"
2022,7,8,44.31120767,-64.55469932,"Esox niger","Chain Pickerel","Actinopterygii","Actinopterygii","Esociformes","Chain Pickerel"
2022,7,8,44.62773496,-63.56679428,"Ciona intestinalis","Sea Vase","Animalia","Ascidiacea","Phlebobranchia","Tunicate"
2022,7,8,44.31099209,-64.55464628,"Micropterus dolomieu","Smallmouth Bass","Actinopterygii","Actinopterygii","Centrarchiformes","Smallmouth Bass"
2022,7,8,44.31111017,-64.55466456,"Micropterus dolomieu","Smallmouth Bass","Actinopterygii","Actinopterygii","Centrarchiformes","Smallmouth Bass"
2022,7,9,44.68339256,-63.55058565,"Esox niger","Chain Pickerel","Actinopterygii","Actinopterygii","Esociformes","Chain Pickerel"
2022,7,9,44.310995,-64.55462833,"Esox niger","Chain Pickerel","Actinopterygii","Actinopterygii","Esociformes","Chain Pickerel"
2022,7,9,44.38219091,-65.20514899,"Esox niger","Chain Pickerel","Actinopterygii","Actinopterygii","Esociformes","Chain Pickerel"
2022,7,9,44.310975,-64.55463333,"Micropterus dolomieu","Smallmouth Bass","Actinopterygii","Actinopterygii","Centrarchiformes","Smallmouth Bass"
2022,7,11,44.39522281,-65.29684892,"Esox niger","Chain Pickerel","Actinopterygii","Actinopterygii","Esociformes","Chain Pickerel"
2022,7,15,45.15192783,-64.81873333,"Didemnum albidum","Northern White Crust","Animalia","Ascidiacea","Aplousobranchia","Tunicate"
2022,7,15,45.1524805,-64.819725,"Didemnum albidum","Northern White Crust","Animalia","Ascidiacea","Aplousobranchia","Tunicate"
2022,7,16,43.989111,-64.6776019,"Botrylloides violaceus","Chain Tunicate","Animalia","Ascidiacea","Stolidobranchia","Tunicate"
2022,7,16,43.989111,-64.6776019,"Botryllus schlosseri","Star Tunicate","Animalia","Ascidiacea","Stolidobranchia","Tunicate"
2022,7,16,44.70772163,-63.7469771,"Micropterus dolomieu","Smallmouth Bass","Actinopterygii","Actinopterygii","Centrarchiformes","Smallmouth Bass"
2022,7,16,44.70713191,-63.74679934,"Micropterus dolomieu","Smallmouth Bass","Actinopterygii","Actinopterygii","Centrarchiformes","Smallmouth Bass"
2022,7,16,44.70825619,-63.74700646,"Micropterus dolomieu","Smallmouth Bass","Actinopterygii","Actinopterygii","Centrarchiformes","Smallmouth Bass"
2022,7,17,45.151825,-64.82865167,"Didemnum albidum","Northern White Crust","Animalia","Ascidiacea","Aplousobranchia","Tunicate"
2022,7,17,45.15180283,-64.82757,"Didemnum albidum","Northern White Crust","Animalia","Ascidiacea","Aplousobranchia","Tunicate"
2022,7,18,44.39430978,-65.21881428,"Esox niger","Chain Pickerel","Actinopterygii","Actinopterygii","Esociformes","Chain Pickerel"
2022,7,21,44.38262747,-65.20594916,"Esox niger","Chain Pickerel","Actinopterygii","Actinopterygii","Esociformes","Chain Pickerel"
2022,7,21,45.16161219,-64.34907457,"Micropterus dolomieu","Smallmouth Bass","Actinopterygii","Actinopterygii","Centrarchiformes","Smallmouth Bass"
2022,7,21,45.14211996,-64.37681678,"Micropterus dolomieu","Smallmouth Bass","Actinopterygii","Actinopterygii","Centrarchiformes","Smallmouth Bass"
2022,7,22,45.07593305,-64.37860543,"Micropterus dolomieu","Smallmouth Bass","Actinopterygii","Actinopterygii","Centrarchiformes","Smallmouth Bass"
2022,7,22,45.02636658,-64.2193847,"Micropterus dolomieu","Smallmouth Bass","Actinopterygii","Actinopterygii","Centrarchiformes","Smallmouth Bass"
2022,7,22,45.04508134,-64.22458412,"Micropterus dolomieu","Smallmouth Bass","Actinopterygii","Actinopterygii","Centrarchiformes","Smallmouth Bass"
2022,7,24,44.97917,-64.52888667,"Esox niger","Chain Pickerel","Actinopterygii","Actinopterygii","Esociformes","Chain Pickerel"
2022,7,24,44.31324838,-65.27863316,"Esox niger","Chain Pickerel","Actinopterygii","Actinopterygii","Esociformes","Chain Pickerel"
2022,7,24,44.65381895,-63.9924431,"Ascidiacea","Sea Squirts","Animalia","Ascidiacea","","Tunicate"
2022,7,24,44.33283833,-64.82691167,"Micropterus dolomieu","Smallmouth Bass","Actinopterygii","Actinopterygii","Centrarchiformes","Smallmouth Bass"
2022,7,24,44.98898667,-64.53221167,"Micropterus dolomieu","Smallmouth Bass","Actinopterygii","Actinopterygii","Centrarchiformes","Smallmouth Bass"
2022,7,24,45.00762336,-64.27712247,"Micropterus dolomieu","Smallmouth Bass","Actinopterygii","Actinopterygii","Centrarchiformes","Smallmouth Bass"
2022,7,25,45.09005,-61.77921667,"Cnemidocarpa","","Animalia","Ascidiacea","Stolidobranchia","Tunicate"
2022,7,27,44.22910158,-64.38958687,"Botrylloides violaceus","Chain Tunicate","Animalia","Ascidiacea","Stolidobranchia","Tunicate"
2022,8,1,44.34966667,-64.85543,"Micropterus dolomieu","Smallmouth Bass","Actinopterygii","Actinopterygii","Centrarchiformes","Smallmouth Bass"
2022,8,6,44.496945,-63.91797,"Ciona intestinalis","Sea Vase","Animalia","Ascidiacea","Phlebobranchia","Tunicate"
2022,8,6,44.496945,-63.91797,"Botryllus schlosseri","Star Tunicate","Animalia","Ascidiacea","Stolidobranchia","Tunicate"
2022,8,6,44.39616389,-64.25441389,"Ascidiella aspersa","European ascidian","Animalia","Ascidiacea","Phlebobranchia","Tunicate"
2022,8,6,44.49707711,-63.91916977,"Botrylloides violaceus","Chain Tunicate","Animalia","Ascidiacea","Stolidobranchia","Tunicate"
2022,8,6,44.31106167,-64.554375,"Micropterus dolomieu","Smallmouth Bass","Actinopterygii","Actinopterygii","Centrarchiformes","Smallmouth Bass"
2022,8,7,44.33515,-64.82211111,"Micropterus dolomieu","Smallmouth Bass","Actinopterygii","Actinopterygii","Centrarchiformes","Smallmouth Bass"
2022,8,11,44.62889441,-63.59524735,"Botrylloides violaceus","Chain Tunicate","Animalia","Ascidiacea","Stolidobranchia","Tunicate"
2022,8,11,44.31108192,-64.55470457,"Micropterus dolomieu","Smallmouth Bass","Actinopterygii","Actinopterygii","Centrarchiformes","Smallmouth Bass"
2022,8,11,44.311005,-64.55461167,"Micropterus dolomieu","Smallmouth Bass","Actinopterygii","Actinopterygii","Centrarchiformes","Smallmouth Bass"
2022,8,13,44.49625661,-63.91737342,"Ciona intestinalis","Sea Vase","Animalia","Ascidiacea","Phlebobranchia","Tunicate"
2022,8,15,44.38976667,-65.320655,"Esox niger","Chain Pickerel","Actinopterygii","Actinopterygii","Esociformes","Chain Pickerel"
2022,8,15,44.3330396,-65.20433722,"Esox niger","Chain Pickerel","Actinopterygii","Actinopterygii","Esociformes","Chain Pickerel"
2022,8,19,44.40194713,-65.22061864,"Esox niger","Chain Pickerel","Actinopterygii","Actinopterygii","Esociformes","Chain Pickerel"
2022,8,20,45.24938667,-64.45298,"Botrylloides violaceus","Chain Tunicate","Animalia","Ascidiacea","Stolidobranchia","Tunicate"
2022,8,20,44.90379667,-64.52265833,"Micropterus dolomieu","Smallmouth Bass","Actinopterygii","Actinopterygii","Centrarchiformes","Smallmouth Bass"
2022,8,21,44.459275,-65.33657,"Esox niger","Chain Pickerel","Actinopterygii","Actinopterygii","Esociformes","Chain Pickerel"
2022,8,22,43.86666167,-64.81807833,"Botrylloides violaceus","Chain Tunicate","Animalia","Ascidiacea","Stolidobranchia","Tunicate"
2022,8,25,44.31110334,-64.55459667,"Micropterus dolomieu","Smallmouth Bass","Actinopterygii","Actinopterygii","Centrarchiformes","Smallmouth Bass"
2022,8,28,44.40576292,-65.22545622,"Esox niger","Chain Pickerel","Actinopterygii","Actinopterygii","Esociformes","Chain Pickerel"
2022,9,1,44.69438,-63.55011667,"Micropterus dolomieu","Smallmouth Bass","Actinopterygii","Actinopterygii","Centrarchiformes","Smallmouth Bass"
2022,9,1,44.68484471,-63.57612401,"Micropterus dolomieu","Smallmouth Bass","Actinopterygii","Actinopterygii","Centrarchiformes","Smallmouth Bass"
2022,9,3,45.0490136,-64.4148406,"Micropterus dolomieu","Smallmouth Bass","Actinopterygii","Actinopterygii","Centrarchiformes","Smallmouth Bass"
2022,9,7,44.13040833,-65.43866667,"Esox niger","Chain Pickerel","Actinopterygii","Actinopterygii","Esociformes","Chain Pickerel"
2022,9,7,44.12788889,-65.44654167,"Esox niger","Chain Pickerel","Actinopterygii","Actinopterygii","Esociformes","Chain Pickerel"
2022,9,7,44.53884592,-64.23685453,"Ciona intestinalis","Sea Vase","Animalia","Ascidiacea","Phlebobranchia","Tunicate"
2022,9,9,44.4983525,-63.9196972,"Botryllus schlosseri","Star Tunicate","Animalia","Ascidiacea","Stolidobranchia","Tunicate"
2022,9,10,44.53195574,-64.55780949,"Micropterus dolomieu","Smallmouth Bass","Actinopterygii","Actinopterygii","Centrarchiformes","Smallmouth Bass"
2022,9,10,44.31097,-64.55465,"Micropterus dolomieu","Smallmouth Bass","Actinopterygii","Actinopterygii","Centrarchiformes","Smallmouth Bass"
2022,9,12,44.63320736,-63.59860876,"Ascidiella aspersa","European ascidian","Animalia","Ascidiacea","Phlebobranchia","Tunicate"
2022,9,13,44.4991284,-63.92136785,"Botryllus","","Animalia","Ascidiacea","Stolidobranchia","Tunicate"
2022,9,13,44.49835154,-63.91969722,"Botrylloides violaceus","Chain Tunicate","Animalia","Ascidiacea","Stolidobranchia","Tunicate"
2022,9,15,44.63309783,-63.59840467,"Botryllus schlosseri","Star Tunicate","Animalia","Ascidiacea","Stolidobranchia","Tunicate"
2022,9,15,44.63321557,-63.59895789,"Ciona intestinalis","Sea Vase","Animalia","Ascidiacea","Phlebobranchia","Tunicate"
2022,9,17,44.29944444,-65.23694444,"Esox niger","Chain Pickerel","Actinopterygii","Actinopterygii","Esociformes","Chain Pickerel"
2022,9,17,44.19496358,-64.38102568,"Botrylloides","","Animalia","Ascidiacea","Stolidobranchia","Tunicate"
2022,9,18,44.49453,-65.95302,"Botrylloides violaceus","Chain Tunicate","Animalia","Ascidiacea","Stolidobranchia","Tunicate"
2022,9,30,45.23562,-64.353255,"Ascidiacea","Sea Squirts","Animalia","Ascidiacea","","Tunicate"
2022,10,2,44.48822487,-63.89141583,"Ciona intestinalis","Sea Vase","Animalia","Ascidiacea","Phlebobranchia","Tunicate"
2022,10,9,44.63144289,-63.59382816,"Botryllus schlosseri","Star Tunicate","Animalia","Ascidiacea","Stolidobranchia","Tunicate"
2022,10,10,43.989111,-64.6776019,"Botrylloides violaceus","Chain Tunicate","Animalia","Ascidiacea","Stolidobranchia","Tunicate"
2022,10,11,44.52642478,-63.94858315,"Salpida","Salps","Animalia","Thaliacea","Salpida","Tunicate"
2022,10,12,45.16155229,-64.34947045,"Didemnidae","Overgrowing Tunicates","Animalia","Ascidiacea","Aplousobranchia","Tunicate"
2022,10,13,44.62046333,-63.574445,"Botrylloides violaceus","Chain Tunicate","Animalia","Ascidiacea","Stolidobranchia","Tunicate"
2022,10,13,44.63735365,-63.60467621,"Ciona intestinalis","Sea Vase","Animalia","Ascidiacea","Phlebobranchia","Tunicate"
2022,10,20,44.58533698,-64.05823796,"Ciona intestinalis","Sea Vase","Animalia","Ascidiacea","Phlebobranchia","Tunicate"
2022,10,21,44.47721794,-64.10390799,"Botrylloides violaceus","Chain Tunicate","Animalia","Ascidiacea","Stolidobranchia","Tunicate"
2022,10,21,44.47721794,-64.10390799,"Botryllus schlosseri","Star Tunicate","Animalia","Ascidiacea","Stolidobranchia","Tunicate"
2022,10,22,44.65966067,-63.47644345,"Esox niger","Chain Pickerel","Actinopterygii","Actinopterygii","Esociformes","Chain Pickerel"
2022,10,26,44.49636374,-63.91738855,"Ascidiella aspersa","European ascidian","Animalia","Ascidiacea","Phlebobranchia","Tunicate"
2022,10,28,44.38724167,-64.27562,"Ascidiella aspersa","European ascidian","Animalia","Ascidiacea","Phlebobranchia","Tunicate"
2022,10,29,44.456445,-64.31577167,"Ciona intestinalis","Sea Vase","Animalia","Ascidiacea","Phlebobranchia","Tunicate"
2022,11,8,44.63742047,-63.60411641,"Ciona intestinalis","Sea Vase","Animalia","Ascidiacea","Phlebobranchia","Tunicate"
2022,11,24,44.71256435,-63.67083807,"Halocynthia pyriformis","Sea Peach","Animalia","Ascidiacea","Stolidobranchia","Tunicate"
2022,12,5,44.36367356,-64.27097012,"Ciona","","Animalia","Ascidiacea","Phlebobranchia","Tunicate"
2022,12,22,43.98824646,-64.6630536,"Botryllus schlosseri","Star Tunicate","Animalia","Ascidiacea","Stolidobranchia","Tunicate"
2023,1,4,44.58116494,-64.0535293,"Botryllus schlosseri","Star Tunicate","Animalia","Ascidiacea","Stolidobranchia","Tunicate"
2023,1,4,44.58116494,-64.0535293,"Botrylloides violaceus","Chain Tunicate","Animalia","Ascidiacea","Stolidobranchia","Tunicate"
2023,2,10,44.52765822,-63.94982439,"Ascidiacea","Sea Squirts","Animalia","Ascidiacea","","Tunicate"
2023,2,22,44.23082925,-64.42721451,"Ascidiacea","Sea Squirts","Animalia","Ascidiacea","","Tunicate"
2023,3,12,44.692105,-63.13124717,"Salpidae","Salps","Animalia","Thaliacea","Salpida","Tunicate"
2023,3,23,45.1979133,-64.6441532,"Didemnum albidum","Northern White Crust","Animalia","Ascidiacea","Aplousobranchia","Tunicate"
2023,3,23,45.1979133,-64.6441532,"Didemnum albidum","Northern White Crust","Animalia","Ascidiacea","Aplousobranchia","Tunicate"
2023,4,16,43.996467,-65.91580221,"Micropterus dolomieu","Smallmouth Bass","Actinopterygii","Actinopterygii","Centrarchiformes","Smallmouth Bass"
2023,4,22,44.89293626,-64.65928182,"Micropterus dolomieu","Smallmouth Bass","Actinopterygii","Actinopterygii","Centrarchiformes","Smallmouth Bass"
2023,4,24,44.430405,-64.34094167,"Ascidiacea","Sea Squirts","Animalia","Ascidiacea","","Tunicate"
2023,4,28,44.62963064,-63.59546051,"Ciona intestinalis","Sea Vase","Animalia","Ascidiacea","Phlebobranchia","Tunicate"
2023,4,28,46.20503897,-59.95115497,"Ciona intestinalis","Sea Vase","Animalia","Ascidiacea","Phlebobranchia","Tunicate"
2023,4,28,44.46166667,-63.70777778,"Ciona intestinalis","Sea Vase","Animalia","Ascidiacea","Phlebobranchia","Tunicate"
2023,4,28,44.46166667,-63.70777778,"Botryllus schlosseri","Star Tunicate","Animalia","Ascidiacea","Stolidobranchia","Tunicate"
2023,4,28,44.46166667,-63.70777778,"Botrylloides violaceus","Chain Tunicate","Animalia","Ascidiacea","Stolidobranchia","Tunicate"
2023,4,28,44.46166667,-63.70777778,"Botryllus schlosseri","Star Tunicate","Animalia","Ascidiacea","Stolidobranchia","Tunicate"
2023,4,29,44.63983572,-63.61257412,"Ciona intestinalis","Sea Vase","Animalia","Ascidiacea","Phlebobranchia","Tunicate"
2023,4,30,45.92904667,-60.22583,"Esox niger","Chain Pickerel","Actinopterygii","Actinopterygii","Esociformes","Chain Pickerel"
2023,4,30,44.6892501,-63.14023164,"Ciona intestinalis","Sea Vase","Animalia","Ascidiacea","Phlebobranchia","Tunicate"
2023,4,30,44.64932938,-63.5701145,"Ciona intestinalis","Sea Vase","Animalia","Ascidiacea","Phlebobranchia","Tunicate"
2023,4,30,44.64934472,-63.57002896,"Ciona intestinalis","Sea Vase","Animalia","Ascidiacea","Phlebobranchia","Tunicate"
2023,5,11,44.400805,-65.22017833,"Esox niger","Chain Pickerel","Actinopterygii","Actinopterygii","Esociformes","Chain Pickerel"
2023,5,13,44.40114667,-65.22022907,"Esox niger","Chain Pickerel","Actinopterygii","Actinopterygii","Esociformes","Chain Pickerel"
2023,5,21,44.458655,-65.33349667,"Esox niger","Chain Pickerel","Actinopterygii","Actinopterygii","Esociformes","Chain Pickerel"
2023,5,21,44.45865,-65.333275,"Esox niger","Chain Pickerel","Actinopterygii","Actinopterygii","Esociformes","Chain Pickerel"
2023,5,22,44.21291785,-65.213218,"Esox niger","Chain Pickerel","Actinopterygii","Actinopterygii","Esociformes","Chain Pickerel"
2023,5,25,44.65666958,-63.94627299,"Ciona intestinalis","Sea Vase","Animalia","Ascidiacea","Phlebobranchia","Tunicate"
2023,6,1,44.400725,-65.220305,"Esox niger","Chain Pickerel","Actinopterygii","Actinopterygii","Esociformes","Chain Pickerel"
2023,6,2,44.4107254,-64.3409125,"Ciona intestinalis","Sea Vase","Animalia","Ascidiacea","Phlebobranchia","Tunicate"
2023,6,9,44.38307,-65.19696167,"Esox niger","Chain Pickerel","Actinopterygii","Actinopterygii","Esociformes","Chain Pickerel"
2023,6,9,44.31108141,-64.55467247,"Micropterus dolomieu","Smallmouth Bass","Actinopterygii","Actinopterygii","Centrarchiformes","Smallmouth Bass"
2023,6,9,44.311025,-64.55471167,"Micropterus dolomieu","Smallmouth Bass","Actinopterygii","Actinopterygii","Centrarchiformes","Smallmouth Bass"
2023,6,10,44.40115333,-65.25212833,"Esox niger","Chain Pickerel","Actinopterygii","Actinopterygii","Esociformes","Chain Pickerel"
2023,6,10,44.31058483,-64.5545556,"Micropterus dolomieu","Smallmouth Bass","Actinopterygii","Actinopterygii","Centrarchiformes","Smallmouth Bass"
2023,6,10,44.31056558,-64.55460479,"Micropterus dolomieu","Smallmouth Bass","Actinopterygii","Actinopterygii","Centrarchiformes","Smallmouth Bass"
2023,6,11,44.31116334,-64.55468833,"Micropterus dolomieu","Smallmouth Bass","Actinopterygii","Actinopterygii","Centrarchiformes","Smallmouth Bass"
2023,6,11,44.31137834,-64.554755,"Micropterus dolomieu","Smallmouth Bass","Actinopterygii","Actinopterygii","Centrarchiformes","Smallmouth Bass"
2023,6,11,44.31113834,-64.55465,"Micropterus dolomieu","Smallmouth Bass","Actinopterygii","Actinopterygii","Centrarchiformes","Smallmouth Bass"
2023,6,14,44.39816507,-65.23200989,"Esox niger","Chain Pickerel","Actinopterygii","Actinopterygii","Esociformes","Chain Pickerel"
2023,6,15,44.48707244,-63.87218815,"Botryllus schlosseri","Star Tunicate","Animalia","Ascidiacea","Stolidobranchia","Tunicate"
2023,6,18,45.49478667,-62.77759667,"Micropterus dolomieu","Smallmouth Bass","Actinopterygii","Actinopterygii","Centrarchiformes","Smallmouth Bass"
2023,6,22,44.8079516,-63.64488785,"Esox niger","Chain Pickerel","Actinopterygii","Actinopterygii","Esociformes","Chain Pickerel"
2023,6,22,44.80747506,-63.64487937,"Esox niger","Chain Pickerel","Actinopterygii","Actinopterygii","Esociformes","Chain Pickerel"
2023,6,22,44.80659101,-63.64264496,"Esox niger","Chain Pickerel","Actinopterygii","Actinopterygii","Esociformes","Chain Pickerel"
2023,6,22,44.80802588,-63.64481187,"Esox niger","Chain Pickerel","Actinopterygii","Actinopterygii","Esociformes","Chain Pickerel"
2023,6,22,44.4622872,-63.7080038,"Ciona intestinalis","Sea Vase","Animalia","Ascidiacea","Phlebobranchia","Tunicate"
2023,6,22,44.46226805,-63.70797381,"Botryllus schlosseri","Star Tunicate","Animalia","Ascidiacea","Stolidobranchia","Tunicate"
2023,6,22,44.80662035,-63.64401537,"Micropterus dolomieu","Smallmouth Bass","Actinopterygii","Actinopterygii","Centrarchiformes","Smallmouth Bass"
2023,6,22,44.8060292,-63.64290494,"Micropterus dolomieu","Smallmouth Bass","Actinopterygii","Actinopterygii","Centrarchiformes","Smallmouth Bass"
2023,7,2,44.9771262,-64.5678138,"Micropterus dolomieu","Smallmouth Bass","Actinopterygii","Actinopterygii","Centrarchiformes","Smallmouth Bass"
2023,7,6,46.0739487,-60.2883557,"Micropterus dolomieu","Smallmouth Bass","Actinopterygii","Actinopterygii","Centrarchiformes","Smallmouth Bass"
2023,7,6,44.31154116,-64.55458929,"Micropterus dolomieu","Smallmouth Bass","Actinopterygii","Actinopterygii","Centrarchiformes","Smallmouth Bass"
2023,7,6,44.31166599,-64.55463226,"Micropterus dolomieu","Smallmouth Bass","Actinopterygii","Actinopterygii","Centrarchiformes","Smallmouth Bass"
2023,7,9,44.46247782,-63.70664442,"Ascidiacea","Sea Squirts","Animalia","Ascidiacea","","Tunicate"
2023,7,13,44.64030533,-64.01422566,"Ciona intestinalis","Sea Vase","Animalia","Ascidiacea","Phlebobranchia","Tunicate"
2023,7,13,44.64015163,-64.01418708,"Ciona intestinalis","Sea Vase","Animalia","Ascidiacea","Phlebobranchia","Tunicate"
2023,7,13,44.63919314,-64.01419995,"Ciona intestinalis","Sea Vase","Animalia","Ascidiacea","Phlebobranchia","Tunicate"
2023,7,13,44.6877293,-63.6855578,"Micropterus dolomieu","Smallmouth Bass","Actinopterygii","Actinopterygii","Centrarchiformes","Smallmouth Bass"
2023,7,13,44.31083667,-64.55448833,"Micropterus dolomieu","Smallmouth Bass","Actinopterygii","Actinopterygii","Centrarchiformes","Smallmouth Bass"
2023,7,15,44.68780023,-63.68489087,"Micropterus dolomieu","Smallmouth Bass","Actinopterygii","Actinopterygii","Centrarchiformes","Smallmouth Bass"
2023,7,16,44.814495,-63.613845,"Micropterus dolomieu","Smallmouth Bass","Actinopterygii","Actinopterygii","Centrarchiformes","Smallmouth Bass"
2023,7,27,44.84024656,-63.68086162,"Micropterus dolomieu","Smallmouth Bass","Actinopterygii","Actinopterygii","Centrarchiformes","Smallmouth Bass"
2023,7,29,44.46272037,-63.70805858,"Botryllus schlosseri","Star Tunicate","Animalia","Ascidiacea","Stolidobranchia","Tunicate"
2023,7,29,44.90954667,-64.51729667,"Micropterus dolomieu","Smallmouth Bass","Actinopterygii","Actinopterygii","Centrarchiformes","Smallmouth Bass"
2023,7,29,44.904725,-64.51791333,"Micropterus dolomieu","Smallmouth Bass","Actinopterygii","Actinopterygii","Centrarchiformes","Smallmouth Bass"
2023,8,1,44.77749139,-63.59524118,"Micropterus dolomieu","Smallmouth Bass","Actinopterygii","Actinopterygii","Centrarchiformes","Smallmouth Bass"
2023,8,4,44.31097444,-64.55463729,"Esox niger","Chain Pickerel","Actinopterygii","Actinopterygii","Esociformes","Chain Pickerel"
2023,8,4,44.31054667,-64.55445833,"Micropterus dolomieu","Smallmouth Bass","Actinopterygii","Actinopterygii","Centrarchiformes","Smallmouth Bass"
2023,8,4,44.31077167,-64.55436667,"Micropterus dolomieu","Smallmouth Bass","Actinopterygii","Actinopterygii","Centrarchiformes","Smallmouth Bass"
2023,8,4,44.31116473,-64.55335394,"Micropterus dolomieu","Smallmouth Bass","Actinopterygii","Actinopterygii","Centrarchiformes","Smallmouth Bass"
2023,8,5,44.31112,-64.55471167,"Micropterus dolomieu","Smallmouth Bass","Actinopterygii","Actinopterygii","Centrarchiformes","Smallmouth Bass"
2023,8,5,44.31152367,-64.55465826,"Micropterus dolomieu","Smallmouth Bass","Actinopterygii","Actinopterygii","Centrarchiformes","Smallmouth Bass"
2023,8,10,44.46266902,-63.70818323,"Botrylloides violaceus","Chain Tunicate","Animalia","Ascidiacea","Stolidobranchia","Tunicate"
2023,8,10,43.93455764,-60.00930913,"Salpidae","Salps","Animalia","Thaliacea","Salpida","Tunicate"
2023,8,14,44.99401167,-64.14703333,"Micropterus dolomieu","Smallmouth Bass","Actinopterygii","Actinopterygii","Centrarchiformes","Smallmouth Bass"
2023,8,17,44.65702206,-63.94581398,"Ciona intestinalis","Sea Vase","Animalia","Ascidiacea","Phlebobranchia","Tunicate"
2023,8,18,45.09154167,-63.91774667,"Esox niger","Chain Pickerel","Actinopterygii","Actinopterygii","Esociformes","Chain Pickerel"
